date,metro,cbsa_code,indeed_job_postings_index
2020-02-01,"Philadelphia-Camden-Wilmington, PA-NJ-DE-MD",37980,100
2020-02-02,"Philadelphia-Camden-Wilmington, PA-NJ-DE-MD",37980,100.03
2020-02-03,"Philadelphia-Camden-Wilmington, PA-NJ-DE-MD",37980,100.04
2020-02-04,"Philadelphia-Camden-Wilmington, PA-NJ-DE-MD",37980,100.1
2020-02-05,"Philadelphia-Camden-Wilmington, PA-NJ-DE-MD",37980,100.15
2020-02-06,"Philadelphia-Camden-Wilmington, PA-NJ-DE-MD",37980,100.24
2020-02-07,"Philadelphia-Camden-Wilmington, PA-NJ-DE-MD",37980,100.13
2020-02-08,"Philadelphia-Camden-Wilmington, PA-NJ-DE-MD",37980,100.08
2020-02-09,"Philadelphia-Camden-Wilmington, PA-NJ-DE-MD",37980,100.04
2020-02-10,"Philadelphia-Camden-Wilmington, PA-NJ-DE-MD",37980,100.07
2020-02-11,"Philadelphia-Camden-Wilmington, PA-NJ-DE-MD",37980,100.05
2020-02-12,"Philadelphia-Camden-Wilmington, PA-NJ-DE-MD",37980,100.13
2020-02-13,"Philadelphia-Camden-Wilmington, PA-NJ-DE-MD",37980,100.21
2020-02-14,"Philadelphia-Camden-Wilmington, PA-NJ-DE-MD",37980,100.37
2020-02-15,"Philadelphia-Camden-Wilmington, PA-NJ-DE-MD",37980,100.31
2020-02-16,"Philadelphia-Camden-Wilmington, PA-NJ-DE-MD",37980,100.34
2020-02-17,"Philadelphia-Camden-Wilmington, PA-NJ-DE-MD",37980,100.32
2020-02-18,"Philadelphia-Camden-Wilmington, PA-NJ-DE-MD",37980,100.26
2020-02-19,"Philadelphia-Camden-Wilmington, PA-NJ-DE-MD",37980,100.13
2020-02-20,"Philadelphia-Camden-Wilmington, PA-NJ-DE-MD",37980,100.03
2020-02-21,"Philadelphia-Camden-Wilmington, PA-NJ-DE-MD",37980,99.98
2020-02-22,"Philadelphia-Camden-Wilmington, PA-NJ-DE-MD",37980,100.07
2020-02-23,"Philadelphia-Camden-Wilmington, PA-NJ-DE-MD",37980,100.12
2020-02-24,"Philadelphia-Camden-Wilmington, PA-NJ-DE-MD",37980,100.14
2020-02-25,"Philadelphia-Camden-Wilmington, PA-NJ-DE-MD",37980,100.27
2020-02-26,"Philadelphia-Camden-Wilmington, PA-NJ-DE-MD",37980,100.4
2020-02-27,"Philadelphia-Camden-Wilmington, PA-NJ-DE-MD",37980,100.5
2020-02-28,"Philadelphia-Camden-Wilmington, PA-NJ-DE-MD",37980,100.54
2020-02-29,"Philadelphia-Camden-Wilmington, PA-NJ-DE-MD",37980,100.6
2020-03-01,"Philadelphia-Camden-Wilmington, PA-NJ-DE-MD",37980,100.64
2020-03-02,"Philadelphia-Camden-Wilmington, PA-NJ-DE-MD",37980,100.74
2020-03-03,"Philadelphia-Camden-Wilmington, PA-NJ-DE-MD",37980,100.75
2020-03-04,"Philadelphia-Camden-Wilmington, PA-NJ-DE-MD",37980,100.7
2020-03-05,"Philadelphia-Camden-Wilmington, PA-NJ-DE-MD",37980,100.65
2020-03-06,"Philadelphia-Camden-Wilmington, PA-NJ-DE-MD",37980,100.63
2020-03-07,"Philadelphia-Camden-Wilmington, PA-NJ-DE-MD",37980,100.53
2020-03-08,"Philadelphia-Camden-Wilmington, PA-NJ-DE-MD",37980,100.51
2020-03-09,"Philadelphia-Camden-Wilmington, PA-NJ-DE-MD",37980,100.42
2020-03-10,"Philadelphia-Camden-Wilmington, PA-NJ-DE-MD",37980,100.35
2020-03-11,"Philadelphia-Camden-Wilmington, PA-NJ-DE-MD",37980,100.21
2020-03-12,"Philadelphia-Camden-Wilmington, PA-NJ-DE-MD",37980,100.1
2020-03-13,"Philadelphia-Camden-Wilmington, PA-NJ-DE-MD",37980,99.95
2020-03-14,"Philadelphia-Camden-Wilmington, PA-NJ-DE-MD",37980,99.75
2020-03-15,"Philadelphia-Camden-Wilmington, PA-NJ-DE-MD",37980,99.52
2020-03-16,"Philadelphia-Camden-Wilmington, PA-NJ-DE-MD",37980,99.33
2020-03-17,"Philadelphia-Camden-Wilmington, PA-NJ-DE-MD",37980,98.92
2020-03-18,"Philadelphia-Camden-Wilmington, PA-NJ-DE-MD",37980,98.39
2020-03-19,"Philadelphia-Camden-Wilmington, PA-NJ-DE-MD",37980,97.7
2020-03-20,"Philadelphia-Camden-Wilmington, PA-NJ-DE-MD",37980,96.78
2020-03-21,"Philadelphia-Camden-Wilmington, PA-NJ-DE-MD",37980,95.5
2020-03-22,"Philadelphia-Camden-Wilmington, PA-NJ-DE-MD",37980,94.22
2020-03-23,"Philadelphia-Camden-Wilmington, PA-NJ-DE-MD",37980,92.85
2020-03-24,"Philadelphia-Camden-Wilmington, PA-NJ-DE-MD",37980,91.54
2020-03-25,"Philadelphia-Camden-Wilmington, PA-NJ-DE-MD",37980,90.2
2020-03-26,"Philadelphia-Camden-Wilmington, PA-NJ-DE-MD",37980,88.67
2020-03-27,"Philadelphia-Camden-Wilmington, PA-NJ-DE-MD",37980,87.01
2020-03-28,"Philadelphia-Camden-Wilmington, PA-NJ-DE-MD",37980,85.69
2020-03-29,"Philadelphia-Camden-Wilmington, PA-NJ-DE-MD",37980,84.3
2020-03-30,"Philadelphia-Camden-Wilmington, PA-NJ-DE-MD",37980,82.89
2020-03-31,"Philadelphia-Camden-Wilmington, PA-NJ-DE-MD",37980,81.45
2020-04-01,"Philadelphia-Camden-Wilmington, PA-NJ-DE-MD",37980,79.94
2020-04-02,"Philadelphia-Camden-Wilmington, PA-NJ-DE-MD",37980,78.64
2020-04-03,"Philadelphia-Camden-Wilmington, PA-NJ-DE-MD",37980,77.58
2020-04-04,"Philadelphia-Camden-Wilmington, PA-NJ-DE-MD",37980,76.24
2020-04-05,"Philadelphia-Camden-Wilmington, PA-NJ-DE-MD",37980,74.91
2020-04-06,"Philadelphia-Camden-Wilmington, PA-NJ-DE-MD",37980,73.74
2020-04-07,"Philadelphia-Camden-Wilmington, PA-NJ-DE-MD",37980,72.48
2020-04-08,"Philadelphia-Camden-Wilmington, PA-NJ-DE-MD",37980,71.6
2020-04-09,"Philadelphia-Camden-Wilmington, PA-NJ-DE-MD",37980,70.72
2020-04-10,"Philadelphia-Camden-Wilmington, PA-NJ-DE-MD",37980,69.77
2020-04-11,"Philadelphia-Camden-Wilmington, PA-NJ-DE-MD",37980,69.25
2020-04-12,"Philadelphia-Camden-Wilmington, PA-NJ-DE-MD",37980,68.74
2020-04-13,"Philadelphia-Camden-Wilmington, PA-NJ-DE-MD",37980,68.15
2020-04-14,"Philadelphia-Camden-Wilmington, PA-NJ-DE-MD",37980,67.73
2020-04-15,"Philadelphia-Camden-Wilmington, PA-NJ-DE-MD",37980,67.18
2020-04-16,"Philadelphia-Camden-Wilmington, PA-NJ-DE-MD",37980,66.62
2020-04-17,"Philadelphia-Camden-Wilmington, PA-NJ-DE-MD",37980,66.21
2020-04-18,"Philadelphia-Camden-Wilmington, PA-NJ-DE-MD",37980,65.72
2020-04-19,"Philadelphia-Camden-Wilmington, PA-NJ-DE-MD",37980,65.24
2020-04-20,"Philadelphia-Camden-Wilmington, PA-NJ-DE-MD",37980,64.85
2020-04-21,"Philadelphia-Camden-Wilmington, PA-NJ-DE-MD",37980,64.44
2020-04-22,"Philadelphia-Camden-Wilmington, PA-NJ-DE-MD",37980,64
2020-04-23,"Philadelphia-Camden-Wilmington, PA-NJ-DE-MD",37980,63.72
2020-04-24,"Philadelphia-Camden-Wilmington, PA-NJ-DE-MD",37980,63.47
2020-04-25,"Philadelphia-Camden-Wilmington, PA-NJ-DE-MD",37980,63.2
2020-04-26,"Philadelphia-Camden-Wilmington, PA-NJ-DE-MD",37980,62.94
2020-04-27,"Philadelphia-Camden-Wilmington, PA-NJ-DE-MD",37980,62.61
2020-04-28,"Philadelphia-Camden-Wilmington, PA-NJ-DE-MD",37980,62.37
2020-04-29,"Philadelphia-Camden-Wilmington, PA-NJ-DE-MD",37980,62.27
2020-04-30,"Philadelphia-Camden-Wilmington, PA-NJ-DE-MD",37980,62.15
2020-05-01,"Philadelphia-Camden-Wilmington, PA-NJ-DE-MD",37980,61.99
2020-05-02,"Philadelphia-Camden-Wilmington, PA-NJ-DE-MD",37980,61.9
2020-05-03,"Philadelphia-Camden-Wilmington, PA-NJ-DE-MD",37980,61.76
2020-05-04,"Philadelphia-Camden-Wilmington, PA-NJ-DE-MD",37980,61.72
2020-05-05,"Philadelphia-Camden-Wilmington, PA-NJ-DE-MD",37980,61.66
2020-05-06,"Philadelphia-Camden-Wilmington, PA-NJ-DE-MD",37980,61.58
2020-05-07,"Philadelphia-Camden-Wilmington, PA-NJ-DE-MD",37980,61.42
2020-05-08,"Philadelphia-Camden-Wilmington, PA-NJ-DE-MD",37980,61.36
2020-05-09,"Philadelphia-Camden-Wilmington, PA-NJ-DE-MD",37980,61.4
2020-05-10,"Philadelphia-Camden-Wilmington, PA-NJ-DE-MD",37980,61.5
2020-05-11,"Philadelphia-Camden-Wilmington, PA-NJ-DE-MD",37980,61.53
2020-05-12,"Philadelphia-Camden-Wilmington, PA-NJ-DE-MD",37980,61.62
2020-05-13,"Philadelphia-Camden-Wilmington, PA-NJ-DE-MD",37980,61.34
2020-05-14,"Philadelphia-Camden-Wilmington, PA-NJ-DE-MD",37980,61.44
2020-05-15,"Philadelphia-Camden-Wilmington, PA-NJ-DE-MD",37980,61.74
2020-05-16,"Philadelphia-Camden-Wilmington, PA-NJ-DE-MD",37980,61.82
2020-05-17,"Philadelphia-Camden-Wilmington, PA-NJ-DE-MD",37980,61.92
2020-05-18,"Philadelphia-Camden-Wilmington, PA-NJ-DE-MD",37980,62.03
2020-05-19,"Philadelphia-Camden-Wilmington, PA-NJ-DE-MD",37980,62.02
2020-05-20,"Philadelphia-Camden-Wilmington, PA-NJ-DE-MD",37980,62.35
2020-05-21,"Philadelphia-Camden-Wilmington, PA-NJ-DE-MD",37980,62.43
2020-05-22,"Philadelphia-Camden-Wilmington, PA-NJ-DE-MD",37980,62.33
2020-05-23,"Philadelphia-Camden-Wilmington, PA-NJ-DE-MD",37980,62.42
2020-05-24,"Philadelphia-Camden-Wilmington, PA-NJ-DE-MD",37980,62.39
2020-05-25,"Philadelphia-Camden-Wilmington, PA-NJ-DE-MD",37980,62.31
2020-05-26,"Philadelphia-Camden-Wilmington, PA-NJ-DE-MD",37980,62.24
2020-05-27,"Philadelphia-Camden-Wilmington, PA-NJ-DE-MD",37980,62.22
2020-05-28,"Philadelphia-Camden-Wilmington, PA-NJ-DE-MD",37980,62.19
2020-05-29,"Philadelphia-Camden-Wilmington, PA-NJ-DE-MD",37980,62.23
2020-05-30,"Philadelphia-Camden-Wilmington, PA-NJ-DE-MD",37980,62.43
2020-05-31,"Philadelphia-Camden-Wilmington, PA-NJ-DE-MD",37980,62.61
2020-06-01,"Philadelphia-Camden-Wilmington, PA-NJ-DE-MD",37980,62.9
2020-06-02,"Philadelphia-Camden-Wilmington, PA-NJ-DE-MD",37980,63.29
2020-06-03,"Philadelphia-Camden-Wilmington, PA-NJ-DE-MD",37980,63.67
2020-06-04,"Philadelphia-Camden-Wilmington, PA-NJ-DE-MD",37980,63.87
2020-06-05,"Philadelphia-Camden-Wilmington, PA-NJ-DE-MD",37980,63.95
2020-06-06,"Philadelphia-Camden-Wilmington, PA-NJ-DE-MD",37980,63.93
2020-06-07,"Philadelphia-Camden-Wilmington, PA-NJ-DE-MD",37980,63.88
2020-06-08,"Philadelphia-Camden-Wilmington, PA-NJ-DE-MD",37980,63.87
2020-06-09,"Philadelphia-Camden-Wilmington, PA-NJ-DE-MD",37980,63.87
2020-06-10,"Philadelphia-Camden-Wilmington, PA-NJ-DE-MD",37980,63.81
2020-06-11,"Philadelphia-Camden-Wilmington, PA-NJ-DE-MD",37980,63.92
2020-06-12,"Philadelphia-Camden-Wilmington, PA-NJ-DE-MD",37980,64.15
2020-06-13,"Philadelphia-Camden-Wilmington, PA-NJ-DE-MD",37980,64.39
2020-06-14,"Philadelphia-Camden-Wilmington, PA-NJ-DE-MD",37980,64.71
2020-06-15,"Philadelphia-Camden-Wilmington, PA-NJ-DE-MD",37980,65.04
2020-06-16,"Philadelphia-Camden-Wilmington, PA-NJ-DE-MD",37980,65.37
2020-06-17,"Philadelphia-Camden-Wilmington, PA-NJ-DE-MD",37980,65.61
2020-06-18,"Philadelphia-Camden-Wilmington, PA-NJ-DE-MD",37980,65.99
2020-06-19,"Philadelphia-Camden-Wilmington, PA-NJ-DE-MD",37980,66.29
2020-06-20,"Philadelphia-Camden-Wilmington, PA-NJ-DE-MD",37980,66.58
2020-06-21,"Philadelphia-Camden-Wilmington, PA-NJ-DE-MD",37980,66.97
2020-06-22,"Philadelphia-Camden-Wilmington, PA-NJ-DE-MD",37980,67.32
2020-06-23,"Philadelphia-Camden-Wilmington, PA-NJ-DE-MD",37980,67.49
2020-06-24,"Philadelphia-Camden-Wilmington, PA-NJ-DE-MD",37980,67.84
2020-06-25,"Philadelphia-Camden-Wilmington, PA-NJ-DE-MD",37980,68.2
2020-06-26,"Philadelphia-Camden-Wilmington, PA-NJ-DE-MD",37980,68.52
2020-06-27,"Philadelphia-Camden-Wilmington, PA-NJ-DE-MD",37980,68.86
2020-06-28,"Philadelphia-Camden-Wilmington, PA-NJ-DE-MD",37980,69.11
2020-06-29,"Philadelphia-Camden-Wilmington, PA-NJ-DE-MD",37980,69.41
2020-06-30,"Philadelphia-Camden-Wilmington, PA-NJ-DE-MD",37980,69.81
2020-07-01,"Philadelphia-Camden-Wilmington, PA-NJ-DE-MD",37980,70.18
2020-07-02,"Philadelphia-Camden-Wilmington, PA-NJ-DE-MD",37980,70.44
2020-07-03,"Philadelphia-Camden-Wilmington, PA-NJ-DE-MD",37980,70.73
2020-07-04,"Philadelphia-Camden-Wilmington, PA-NJ-DE-MD",37980,71
2020-07-05,"Philadelphia-Camden-Wilmington, PA-NJ-DE-MD",37980,71.36
2020-07-06,"Philadelphia-Camden-Wilmington, PA-NJ-DE-MD",37980,71.64
2020-07-07,"Philadelphia-Camden-Wilmington, PA-NJ-DE-MD",37980,71.85
2020-07-08,"Philadelphia-Camden-Wilmington, PA-NJ-DE-MD",37980,72.24
2020-07-09,"Philadelphia-Camden-Wilmington, PA-NJ-DE-MD",37980,72.67
2020-07-10,"Philadelphia-Camden-Wilmington, PA-NJ-DE-MD",37980,73.02
2020-07-11,"Philadelphia-Camden-Wilmington, PA-NJ-DE-MD",37980,73.31
2020-07-12,"Philadelphia-Camden-Wilmington, PA-NJ-DE-MD",37980,73.48
2020-07-13,"Philadelphia-Camden-Wilmington, PA-NJ-DE-MD",37980,73.65
2020-07-14,"Philadelphia-Camden-Wilmington, PA-NJ-DE-MD",37980,74.09
2020-07-15,"Philadelphia-Camden-Wilmington, PA-NJ-DE-MD",37980,74.3
2020-07-16,"Philadelphia-Camden-Wilmington, PA-NJ-DE-MD",37980,74.46
2020-07-17,"Philadelphia-Camden-Wilmington, PA-NJ-DE-MD",37980,74.69
2020-07-18,"Philadelphia-Camden-Wilmington, PA-NJ-DE-MD",37980,74.8
2020-07-19,"Philadelphia-Camden-Wilmington, PA-NJ-DE-MD",37980,75.08
2020-07-20,"Philadelphia-Camden-Wilmington, PA-NJ-DE-MD",37980,75.4
2020-07-21,"Philadelphia-Camden-Wilmington, PA-NJ-DE-MD",37980,75.53
2020-07-22,"Philadelphia-Camden-Wilmington, PA-NJ-DE-MD",37980,75.71
2020-07-23,"Philadelphia-Camden-Wilmington, PA-NJ-DE-MD",37980,75.83
2020-07-24,"Philadelphia-Camden-Wilmington, PA-NJ-DE-MD",37980,75.97
2020-07-25,"Philadelphia-Camden-Wilmington, PA-NJ-DE-MD",37980,76.22
2020-07-26,"Philadelphia-Camden-Wilmington, PA-NJ-DE-MD",37980,76.42
2020-07-27,"Philadelphia-Camden-Wilmington, PA-NJ-DE-MD",37980,76.63
2020-07-28,"Philadelphia-Camden-Wilmington, PA-NJ-DE-MD",37980,76.9
2020-07-29,"Philadelphia-Camden-Wilmington, PA-NJ-DE-MD",37980,77.16
2020-07-30,"Philadelphia-Camden-Wilmington, PA-NJ-DE-MD",37980,77.48
2020-07-31,"Philadelphia-Camden-Wilmington, PA-NJ-DE-MD",37980,77.81
2020-08-01,"Philadelphia-Camden-Wilmington, PA-NJ-DE-MD",37980,78.11
2020-08-02,"Philadelphia-Camden-Wilmington, PA-NJ-DE-MD",37980,78.37
2020-08-03,"Philadelphia-Camden-Wilmington, PA-NJ-DE-MD",37980,78.61
2020-08-04,"Philadelphia-Camden-Wilmington, PA-NJ-DE-MD",37980,78.69
2020-08-05,"Philadelphia-Camden-Wilmington, PA-NJ-DE-MD",37980,78.71
2020-08-06,"Philadelphia-Camden-Wilmington, PA-NJ-DE-MD",37980,78.68
2020-08-07,"Philadelphia-Camden-Wilmington, PA-NJ-DE-MD",37980,78.52
2020-08-08,"Philadelphia-Camden-Wilmington, PA-NJ-DE-MD",37980,78.38
2020-08-09,"Philadelphia-Camden-Wilmington, PA-NJ-DE-MD",37980,78.26
2020-08-10,"Philadelphia-Camden-Wilmington, PA-NJ-DE-MD",37980,78.17
2020-08-11,"Philadelphia-Camden-Wilmington, PA-NJ-DE-MD",37980,78.24
2020-08-12,"Philadelphia-Camden-Wilmington, PA-NJ-DE-MD",37980,78.16
2020-08-13,"Philadelphia-Camden-Wilmington, PA-NJ-DE-MD",37980,78.18
2020-08-14,"Philadelphia-Camden-Wilmington, PA-NJ-DE-MD",37980,78.2
2020-08-15,"Philadelphia-Camden-Wilmington, PA-NJ-DE-MD",37980,78.21
2020-08-16,"Philadelphia-Camden-Wilmington, PA-NJ-DE-MD",37980,78.3
2020-08-17,"Philadelphia-Camden-Wilmington, PA-NJ-DE-MD",37980,78.37
2020-08-18,"Philadelphia-Camden-Wilmington, PA-NJ-DE-MD",37980,78.38
2020-08-19,"Philadelphia-Camden-Wilmington, PA-NJ-DE-MD",37980,78.65
2020-08-20,"Philadelphia-Camden-Wilmington, PA-NJ-DE-MD",37980,79
2020-08-21,"Philadelphia-Camden-Wilmington, PA-NJ-DE-MD",37980,79.38
2020-08-22,"Philadelphia-Camden-Wilmington, PA-NJ-DE-MD",37980,79.84
2020-08-23,"Philadelphia-Camden-Wilmington, PA-NJ-DE-MD",37980,80.2
2020-08-24,"Philadelphia-Camden-Wilmington, PA-NJ-DE-MD",37980,80.48
2020-08-25,"Philadelphia-Camden-Wilmington, PA-NJ-DE-MD",37980,80.8
2020-08-26,"Philadelphia-Camden-Wilmington, PA-NJ-DE-MD",37980,80.97
2020-08-27,"Philadelphia-Camden-Wilmington, PA-NJ-DE-MD",37980,81.09
2020-08-28,"Philadelphia-Camden-Wilmington, PA-NJ-DE-MD",37980,81.21
2020-08-29,"Philadelphia-Camden-Wilmington, PA-NJ-DE-MD",37980,81.39
2020-08-30,"Philadelphia-Camden-Wilmington, PA-NJ-DE-MD",37980,81.52
2020-08-31,"Philadelphia-Camden-Wilmington, PA-NJ-DE-MD",37980,81.7
2020-09-01,"Philadelphia-Camden-Wilmington, PA-NJ-DE-MD",37980,81.8
2020-09-02,"Philadelphia-Camden-Wilmington, PA-NJ-DE-MD",37980,82
2020-09-03,"Philadelphia-Camden-Wilmington, PA-NJ-DE-MD",37980,82.25
2020-09-04,"Philadelphia-Camden-Wilmington, PA-NJ-DE-MD",37980,82.52
2020-09-05,"Philadelphia-Camden-Wilmington, PA-NJ-DE-MD",37980,82.81
2020-09-06,"Philadelphia-Camden-Wilmington, PA-NJ-DE-MD",37980,83.11
2020-09-07,"Philadelphia-Camden-Wilmington, PA-NJ-DE-MD",37980,83.33
2020-09-08,"Philadelphia-Camden-Wilmington, PA-NJ-DE-MD",37980,83.6
2020-09-09,"Philadelphia-Camden-Wilmington, PA-NJ-DE-MD",37980,83.85
2020-09-10,"Philadelphia-Camden-Wilmington, PA-NJ-DE-MD",37980,84.16
2020-09-11,"Philadelphia-Camden-Wilmington, PA-NJ-DE-MD",37980,84.46
2020-09-12,"Philadelphia-Camden-Wilmington, PA-NJ-DE-MD",37980,84.62
2020-09-13,"Philadelphia-Camden-Wilmington, PA-NJ-DE-MD",37980,84.68
2020-09-14,"Philadelphia-Camden-Wilmington, PA-NJ-DE-MD",37980,84.79
2020-09-15,"Philadelphia-Camden-Wilmington, PA-NJ-DE-MD",37980,84.91
2020-09-16,"Philadelphia-Camden-Wilmington, PA-NJ-DE-MD",37980,84.97
2020-09-17,"Philadelphia-Camden-Wilmington, PA-NJ-DE-MD",37980,85.01
2020-09-18,"Philadelphia-Camden-Wilmington, PA-NJ-DE-MD",37980,85.13
2020-09-19,"Philadelphia-Camden-Wilmington, PA-NJ-DE-MD",37980,85.23
2020-09-20,"Philadelphia-Camden-Wilmington, PA-NJ-DE-MD",37980,85.52
2020-09-21,"Philadelphia-Camden-Wilmington, PA-NJ-DE-MD",37980,85.81
2020-09-22,"Philadelphia-Camden-Wilmington, PA-NJ-DE-MD",37980,86.04
2020-09-23,"Philadelphia-Camden-Wilmington, PA-NJ-DE-MD",37980,86.3
2020-09-24,"Philadelphia-Camden-Wilmington, PA-NJ-DE-MD",37980,86.39
2020-09-25,"Philadelphia-Camden-Wilmington, PA-NJ-DE-MD",37980,86.43
2020-09-26,"Philadelphia-Camden-Wilmington, PA-NJ-DE-MD",37980,86.42
2020-09-27,"Philadelphia-Camden-Wilmington, PA-NJ-DE-MD",37980,86.41
2020-09-28,"Philadelphia-Camden-Wilmington, PA-NJ-DE-MD",37980,86.42
2020-09-29,"Philadelphia-Camden-Wilmington, PA-NJ-DE-MD",37980,86.57
2020-09-30,"Philadelphia-Camden-Wilmington, PA-NJ-DE-MD",37980,86.8
2020-10-01,"Philadelphia-Camden-Wilmington, PA-NJ-DE-MD",37980,87.01
2020-10-02,"Philadelphia-Camden-Wilmington, PA-NJ-DE-MD",37980,87.22
2020-10-03,"Philadelphia-Camden-Wilmington, PA-NJ-DE-MD",37980,87.53
2020-10-04,"Philadelphia-Camden-Wilmington, PA-NJ-DE-MD",37980,87.71
2020-10-05,"Philadelphia-Camden-Wilmington, PA-NJ-DE-MD",37980,87.89
2020-10-06,"Philadelphia-Camden-Wilmington, PA-NJ-DE-MD",37980,87.99
2020-10-07,"Philadelphia-Camden-Wilmington, PA-NJ-DE-MD",37980,87.97
2020-10-08,"Philadelphia-Camden-Wilmington, PA-NJ-DE-MD",37980,88.12
2020-10-09,"Philadelphia-Camden-Wilmington, PA-NJ-DE-MD",37980,88.27
2020-10-10,"Philadelphia-Camden-Wilmington, PA-NJ-DE-MD",37980,88.43
2020-10-11,"Philadelphia-Camden-Wilmington, PA-NJ-DE-MD",37980,88.69
2020-10-12,"Philadelphia-Camden-Wilmington, PA-NJ-DE-MD",37980,88.95
2020-10-13,"Philadelphia-Camden-Wilmington, PA-NJ-DE-MD",37980,89.15
2020-10-14,"Philadelphia-Camden-Wilmington, PA-NJ-DE-MD",37980,89.37
2020-10-15,"Philadelphia-Camden-Wilmington, PA-NJ-DE-MD",37980,89.54
2020-10-16,"Philadelphia-Camden-Wilmington, PA-NJ-DE-MD",37980,89.55
2020-10-17,"Philadelphia-Camden-Wilmington, PA-NJ-DE-MD",37980,89.49
2020-10-18,"Philadelphia-Camden-Wilmington, PA-NJ-DE-MD",37980,89.47
2020-10-19,"Philadelphia-Camden-Wilmington, PA-NJ-DE-MD",37980,89.67
2020-10-20,"Philadelphia-Camden-Wilmington, PA-NJ-DE-MD",37980,89.87
2020-10-21,"Philadelphia-Camden-Wilmington, PA-NJ-DE-MD",37980,90.16
2020-10-22,"Philadelphia-Camden-Wilmington, PA-NJ-DE-MD",37980,90.4
2020-10-23,"Philadelphia-Camden-Wilmington, PA-NJ-DE-MD",37980,90.75
2020-10-24,"Philadelphia-Camden-Wilmington, PA-NJ-DE-MD",37980,91.15
2020-10-25,"Philadelphia-Camden-Wilmington, PA-NJ-DE-MD",37980,91.43
2020-10-26,"Philadelphia-Camden-Wilmington, PA-NJ-DE-MD",37980,91.49
2020-10-27,"Philadelphia-Camden-Wilmington, PA-NJ-DE-MD",37980,91.61
2020-10-28,"Philadelphia-Camden-Wilmington, PA-NJ-DE-MD",37980,91.64
2020-10-29,"Philadelphia-Camden-Wilmington, PA-NJ-DE-MD",37980,91.64
2020-10-30,"Philadelphia-Camden-Wilmington, PA-NJ-DE-MD",37980,91.66
2020-10-31,"Philadelphia-Camden-Wilmington, PA-NJ-DE-MD",37980,91.64
2020-11-01,"Philadelphia-Camden-Wilmington, PA-NJ-DE-MD",37980,91.61
2020-11-02,"Philadelphia-Camden-Wilmington, PA-NJ-DE-MD",37980,91.66
2020-11-03,"Philadelphia-Camden-Wilmington, PA-NJ-DE-MD",37980,91.65
2020-11-04,"Philadelphia-Camden-Wilmington, PA-NJ-DE-MD",37980,91.7
2020-11-05,"Philadelphia-Camden-Wilmington, PA-NJ-DE-MD",37980,91.76
2020-11-06,"Philadelphia-Camden-Wilmington, PA-NJ-DE-MD",37980,91.88
2020-11-07,"Philadelphia-Camden-Wilmington, PA-NJ-DE-MD",37980,92.03
2020-11-08,"Philadelphia-Camden-Wilmington, PA-NJ-DE-MD",37980,92.26
2020-11-09,"Philadelphia-Camden-Wilmington, PA-NJ-DE-MD",37980,92.4
2020-11-10,"Philadelphia-Camden-Wilmington, PA-NJ-DE-MD",37980,92.59
2020-11-11,"Philadelphia-Camden-Wilmington, PA-NJ-DE-MD",37980,92.72
2020-11-12,"Philadelphia-Camden-Wilmington, PA-NJ-DE-MD",37980,92.81
2020-11-13,"Philadelphia-Camden-Wilmington, PA-NJ-DE-MD",37980,92.68
2020-11-14,"Philadelphia-Camden-Wilmington, PA-NJ-DE-MD",37980,92.37
2020-11-15,"Philadelphia-Camden-Wilmington, PA-NJ-DE-MD",37980,92.25
2020-11-16,"Philadelphia-Camden-Wilmington, PA-NJ-DE-MD",37980,92.24
2020-11-17,"Philadelphia-Camden-Wilmington, PA-NJ-DE-MD",37980,92.29
2020-11-18,"Philadelphia-Camden-Wilmington, PA-NJ-DE-MD",37980,92.4
2020-11-19,"Philadelphia-Camden-Wilmington, PA-NJ-DE-MD",37980,92.54
2020-11-20,"Philadelphia-Camden-Wilmington, PA-NJ-DE-MD",37980,92.76
2020-11-21,"Philadelphia-Camden-Wilmington, PA-NJ-DE-MD",37980,93.14
2020-11-22,"Philadelphia-Camden-Wilmington, PA-NJ-DE-MD",37980,93.42
2020-11-23,"Philadelphia-Camden-Wilmington, PA-NJ-DE-MD",37980,93.55
2020-11-24,"Philadelphia-Camden-Wilmington, PA-NJ-DE-MD",37980,93.58
2020-11-25,"Philadelphia-Camden-Wilmington, PA-NJ-DE-MD",37980,93.52
2020-11-26,"Philadelphia-Camden-Wilmington, PA-NJ-DE-MD",37980,93.57
2020-11-27,"Philadelphia-Camden-Wilmington, PA-NJ-DE-MD",37980,93.64
2020-11-28,"Philadelphia-Camden-Wilmington, PA-NJ-DE-MD",37980,93.65
2020-11-29,"Philadelphia-Camden-Wilmington, PA-NJ-DE-MD",37980,93.45
2020-11-30,"Philadelphia-Camden-Wilmington, PA-NJ-DE-MD",37980,93.32
2020-12-01,"Philadelphia-Camden-Wilmington, PA-NJ-DE-MD",37980,93.24
2020-12-02,"Philadelphia-Camden-Wilmington, PA-NJ-DE-MD",37980,93.11
2020-12-03,"Philadelphia-Camden-Wilmington, PA-NJ-DE-MD",37980,92.69
2020-12-04,"Philadelphia-Camden-Wilmington, PA-NJ-DE-MD",37980,92.29
2020-12-05,"Philadelphia-Camden-Wilmington, PA-NJ-DE-MD",37980,91.97
2020-12-06,"Philadelphia-Camden-Wilmington, PA-NJ-DE-MD",37980,91.9
2020-12-07,"Philadelphia-Camden-Wilmington, PA-NJ-DE-MD",37980,91.72
2020-12-08,"Philadelphia-Camden-Wilmington, PA-NJ-DE-MD",37980,91.59
2020-12-09,"Philadelphia-Camden-Wilmington, PA-NJ-DE-MD",37980,91.63
2020-12-10,"Philadelphia-Camden-Wilmington, PA-NJ-DE-MD",37980,91.86
2020-12-11,"Philadelphia-Camden-Wilmington, PA-NJ-DE-MD",37980,92.18
2020-12-12,"Philadelphia-Camden-Wilmington, PA-NJ-DE-MD",37980,92.48
2020-12-13,"Philadelphia-Camden-Wilmington, PA-NJ-DE-MD",37980,92.77
2020-12-14,"Philadelphia-Camden-Wilmington, PA-NJ-DE-MD",37980,93.04
2020-12-15,"Philadelphia-Camden-Wilmington, PA-NJ-DE-MD",37980,93.22
2020-12-16,"Philadelphia-Camden-Wilmington, PA-NJ-DE-MD",37980,93.33
2020-12-17,"Philadelphia-Camden-Wilmington, PA-NJ-DE-MD",37980,93.34
2020-12-18,"Philadelphia-Camden-Wilmington, PA-NJ-DE-MD",37980,93.26
2020-12-19,"Philadelphia-Camden-Wilmington, PA-NJ-DE-MD",37980,93.2
2020-12-20,"Philadelphia-Camden-Wilmington, PA-NJ-DE-MD",37980,93.07
2020-12-21,"Philadelphia-Camden-Wilmington, PA-NJ-DE-MD",37980,93.02
2020-12-22,"Philadelphia-Camden-Wilmington, PA-NJ-DE-MD",37980,92.94
2020-12-23,"Philadelphia-Camden-Wilmington, PA-NJ-DE-MD",37980,92.88
2020-12-24,"Philadelphia-Camden-Wilmington, PA-NJ-DE-MD",37980,92.73
2020-12-25,"Philadelphia-Camden-Wilmington, PA-NJ-DE-MD",37980,92.56
2020-12-26,"Philadelphia-Camden-Wilmington, PA-NJ-DE-MD",37980,92.52
2020-12-27,"Philadelphia-Camden-Wilmington, PA-NJ-DE-MD",37980,92.51
2020-12-28,"Philadelphia-Camden-Wilmington, PA-NJ-DE-MD",37980,92.55
2020-12-29,"Philadelphia-Camden-Wilmington, PA-NJ-DE-MD",37980,92.7
2020-12-30,"Philadelphia-Camden-Wilmington, PA-NJ-DE-MD",37980,92.85
2020-12-31,"Philadelphia-Camden-Wilmington, PA-NJ-DE-MD",37980,93.04
2021-01-01,"Philadelphia-Camden-Wilmington, PA-NJ-DE-MD",37980,93.29
2021-01-02,"Philadelphia-Camden-Wilmington, PA-NJ-DE-MD",37980,93.39
2021-01-03,"Philadelphia-Camden-Wilmington, PA-NJ-DE-MD",37980,93.26
2021-01-04,"Philadelphia-Camden-Wilmington, PA-NJ-DE-MD",37980,93.13
2021-01-05,"Philadelphia-Camden-Wilmington, PA-NJ-DE-MD",37980,93.1
2021-01-06,"Philadelphia-Camden-Wilmington, PA-NJ-DE-MD",37980,93.06
2021-01-07,"Philadelphia-Camden-Wilmington, PA-NJ-DE-MD",37980,93.2
2021-01-08,"Philadelphia-Camden-Wilmington, PA-NJ-DE-MD",37980,93.5
2021-01-09,"Philadelphia-Camden-Wilmington, PA-NJ-DE-MD",37980,93.72
2021-01-10,"Philadelphia-Camden-Wilmington, PA-NJ-DE-MD",37980,94.19
2021-01-11,"Philadelphia-Camden-Wilmington, PA-NJ-DE-MD",37980,94.63
2021-01-12,"Philadelphia-Camden-Wilmington, PA-NJ-DE-MD",37980,94.79
2021-01-13,"Philadelphia-Camden-Wilmington, PA-NJ-DE-MD",37980,94.89
2021-01-14,"Philadelphia-Camden-Wilmington, PA-NJ-DE-MD",37980,95.03
2021-01-15,"Philadelphia-Camden-Wilmington, PA-NJ-DE-MD",37980,95.16
2021-01-16,"Philadelphia-Camden-Wilmington, PA-NJ-DE-MD",37980,95.43
2021-01-17,"Philadelphia-Camden-Wilmington, PA-NJ-DE-MD",37980,95.61
2021-01-18,"Philadelphia-Camden-Wilmington, PA-NJ-DE-MD",37980,95.75
2021-01-19,"Philadelphia-Camden-Wilmington, PA-NJ-DE-MD",37980,96.09
2021-01-20,"Philadelphia-Camden-Wilmington, PA-NJ-DE-MD",37980,96.44
2021-01-21,"Philadelphia-Camden-Wilmington, PA-NJ-DE-MD",37980,96.59
2021-01-22,"Philadelphia-Camden-Wilmington, PA-NJ-DE-MD",37980,96.45
2021-01-23,"Philadelphia-Camden-Wilmington, PA-NJ-DE-MD",37980,96.23
2021-01-24,"Philadelphia-Camden-Wilmington, PA-NJ-DE-MD",37980,96.16
2021-01-25,"Philadelphia-Camden-Wilmington, PA-NJ-DE-MD",37980,96.24
2021-01-26,"Philadelphia-Camden-Wilmington, PA-NJ-DE-MD",37980,96.24
2021-01-27,"Philadelphia-Camden-Wilmington, PA-NJ-DE-MD",37980,96.21
2021-01-28,"Philadelphia-Camden-Wilmington, PA-NJ-DE-MD",37980,96.39
2021-01-29,"Philadelphia-Camden-Wilmington, PA-NJ-DE-MD",37980,96.75
2021-01-30,"Philadelphia-Camden-Wilmington, PA-NJ-DE-MD",37980,97.08
2021-01-31,"Philadelphia-Camden-Wilmington, PA-NJ-DE-MD",37980,97.34
2021-02-01,"Philadelphia-Camden-Wilmington, PA-NJ-DE-MD",37980,97.31
2021-02-02,"Philadelphia-Camden-Wilmington, PA-NJ-DE-MD",37980,97.34
2021-02-03,"Philadelphia-Camden-Wilmington, PA-NJ-DE-MD",37980,97.32
2021-02-04,"Philadelphia-Camden-Wilmington, PA-NJ-DE-MD",37980,97.27
2021-02-05,"Philadelphia-Camden-Wilmington, PA-NJ-DE-MD",37980,97.36
2021-02-06,"Philadelphia-Camden-Wilmington, PA-NJ-DE-MD",37980,97.54
2021-02-07,"Philadelphia-Camden-Wilmington, PA-NJ-DE-MD",37980,97.64
2021-02-08,"Philadelphia-Camden-Wilmington, PA-NJ-DE-MD",37980,97.93
2021-02-09,"Philadelphia-Camden-Wilmington, PA-NJ-DE-MD",37980,98.11
2021-02-10,"Philadelphia-Camden-Wilmington, PA-NJ-DE-MD",37980,98.51
2021-02-11,"Philadelphia-Camden-Wilmington, PA-NJ-DE-MD",37980,98.92
2021-02-12,"Philadelphia-Camden-Wilmington, PA-NJ-DE-MD",37980,99.2
2021-02-13,"Philadelphia-Camden-Wilmington, PA-NJ-DE-MD",37980,99.42
2021-02-14,"Philadelphia-Camden-Wilmington, PA-NJ-DE-MD",37980,99.82
2021-02-15,"Philadelphia-Camden-Wilmington, PA-NJ-DE-MD",37980,100.22
2021-02-16,"Philadelphia-Camden-Wilmington, PA-NJ-DE-MD",37980,100.61
2021-02-17,"Philadelphia-Camden-Wilmington, PA-NJ-DE-MD",37980,100.84
2021-02-18,"Philadelphia-Camden-Wilmington, PA-NJ-DE-MD",37980,100.98
2021-02-19,"Philadelphia-Camden-Wilmington, PA-NJ-DE-MD",37980,101.13
2021-02-20,"Philadelphia-Camden-Wilmington, PA-NJ-DE-MD",37980,101.25
2021-02-21,"Philadelphia-Camden-Wilmington, PA-NJ-DE-MD",37980,101.18
2021-02-22,"Philadelphia-Camden-Wilmington, PA-NJ-DE-MD",37980,101.04
2021-02-23,"Philadelphia-Camden-Wilmington, PA-NJ-DE-MD",37980,101.03
2021-02-24,"Philadelphia-Camden-Wilmington, PA-NJ-DE-MD",37980,101.25
2021-02-25,"Philadelphia-Camden-Wilmington, PA-NJ-DE-MD",37980,101.52
2021-02-26,"Philadelphia-Camden-Wilmington, PA-NJ-DE-MD",37980,101.72
2021-02-27,"Philadelphia-Camden-Wilmington, PA-NJ-DE-MD",37980,101.94
2021-02-28,"Philadelphia-Camden-Wilmington, PA-NJ-DE-MD",37980,102.25
2021-03-01,"Philadelphia-Camden-Wilmington, PA-NJ-DE-MD",37980,102.56
2021-03-02,"Philadelphia-Camden-Wilmington, PA-NJ-DE-MD",37980,102.93
2021-03-03,"Philadelphia-Camden-Wilmington, PA-NJ-DE-MD",37980,103.02
2021-03-04,"Philadelphia-Camden-Wilmington, PA-NJ-DE-MD",37980,103.22
2021-03-05,"Philadelphia-Camden-Wilmington, PA-NJ-DE-MD",37980,103.49
2021-03-06,"Philadelphia-Camden-Wilmington, PA-NJ-DE-MD",37980,103.85
2021-03-07,"Philadelphia-Camden-Wilmington, PA-NJ-DE-MD",37980,104.14
2021-03-08,"Philadelphia-Camden-Wilmington, PA-NJ-DE-MD",37980,104.51
2021-03-09,"Philadelphia-Camden-Wilmington, PA-NJ-DE-MD",37980,104.85
2021-03-10,"Philadelphia-Camden-Wilmington, PA-NJ-DE-MD",37980,105.14
2021-03-11,"Philadelphia-Camden-Wilmington, PA-NJ-DE-MD",37980,105.42
2021-03-12,"Philadelphia-Camden-Wilmington, PA-NJ-DE-MD",37980,105.74
2021-03-13,"Philadelphia-Camden-Wilmington, PA-NJ-DE-MD",37980,105.96
2021-03-14,"Philadelphia-Camden-Wilmington, PA-NJ-DE-MD",37980,106.21
2021-03-15,"Philadelphia-Camden-Wilmington, PA-NJ-DE-MD",37980,106.3
2021-03-16,"Philadelphia-Camden-Wilmington, PA-NJ-DE-MD",37980,106.55
2021-03-17,"Philadelphia-Camden-Wilmington, PA-NJ-DE-MD",37980,106.92
2021-03-18,"Philadelphia-Camden-Wilmington, PA-NJ-DE-MD",37980,107.33
2021-03-19,"Philadelphia-Camden-Wilmington, PA-NJ-DE-MD",37980,107.74
2021-03-20,"Philadelphia-Camden-Wilmington, PA-NJ-DE-MD",37980,108.12
2021-03-21,"Philadelphia-Camden-Wilmington, PA-NJ-DE-MD",37980,108.63
2021-03-22,"Philadelphia-Camden-Wilmington, PA-NJ-DE-MD",37980,109.24
2021-03-23,"Philadelphia-Camden-Wilmington, PA-NJ-DE-MD",37980,109.62
2021-03-24,"Philadelphia-Camden-Wilmington, PA-NJ-DE-MD",37980,109.96
2021-03-25,"Philadelphia-Camden-Wilmington, PA-NJ-DE-MD",37980,110.25
2021-03-26,"Philadelphia-Camden-Wilmington, PA-NJ-DE-MD",37980,110.73
2021-03-27,"Philadelphia-Camden-Wilmington, PA-NJ-DE-MD",37980,111.51
2021-03-28,"Philadelphia-Camden-Wilmington, PA-NJ-DE-MD",37980,112.15
2021-03-29,"Philadelphia-Camden-Wilmington, PA-NJ-DE-MD",37980,112.81
2021-03-30,"Philadelphia-Camden-Wilmington, PA-NJ-DE-MD",37980,113.39
2021-03-31,"Philadelphia-Camden-Wilmington, PA-NJ-DE-MD",37980,114.22
2021-04-01,"Philadelphia-Camden-Wilmington, PA-NJ-DE-MD",37980,114.95
2021-04-02,"Philadelphia-Camden-Wilmington, PA-NJ-DE-MD",37980,115.14
2021-04-03,"Philadelphia-Camden-Wilmington, PA-NJ-DE-MD",37980,115.25
2021-04-04,"Philadelphia-Camden-Wilmington, PA-NJ-DE-MD",37980,115.35
2021-04-05,"Philadelphia-Camden-Wilmington, PA-NJ-DE-MD",37980,115.65
2021-04-06,"Philadelphia-Camden-Wilmington, PA-NJ-DE-MD",37980,116.02
2021-04-07,"Philadelphia-Camden-Wilmington, PA-NJ-DE-MD",37980,116.17
2021-04-08,"Philadelphia-Camden-Wilmington, PA-NJ-DE-MD",37980,116.35
2021-04-09,"Philadelphia-Camden-Wilmington, PA-NJ-DE-MD",37980,116.9
2021-04-10,"Philadelphia-Camden-Wilmington, PA-NJ-DE-MD",37980,117.08
2021-04-11,"Philadelphia-Camden-Wilmington, PA-NJ-DE-MD",37980,117.3
2021-04-12,"Philadelphia-Camden-Wilmington, PA-NJ-DE-MD",37980,117.39
2021-04-13,"Philadelphia-Camden-Wilmington, PA-NJ-DE-MD",37980,117.61
2021-04-14,"Philadelphia-Camden-Wilmington, PA-NJ-DE-MD",37980,117.88
2021-04-15,"Philadelphia-Camden-Wilmington, PA-NJ-DE-MD",37980,118.22
2021-04-16,"Philadelphia-Camden-Wilmington, PA-NJ-DE-MD",37980,118.42
2021-04-17,"Philadelphia-Camden-Wilmington, PA-NJ-DE-MD",37980,118.91
2021-04-18,"Philadelphia-Camden-Wilmington, PA-NJ-DE-MD",37980,119.39
2021-04-19,"Philadelphia-Camden-Wilmington, PA-NJ-DE-MD",37980,119.81
2021-04-20,"Philadelphia-Camden-Wilmington, PA-NJ-DE-MD",37980,120.17
2021-04-21,"Philadelphia-Camden-Wilmington, PA-NJ-DE-MD",37980,120.48
2021-04-22,"Philadelphia-Camden-Wilmington, PA-NJ-DE-MD",37980,120.79
2021-04-23,"Philadelphia-Camden-Wilmington, PA-NJ-DE-MD",37980,121.24
2021-04-24,"Philadelphia-Camden-Wilmington, PA-NJ-DE-MD",37980,121.57
2021-04-25,"Philadelphia-Camden-Wilmington, PA-NJ-DE-MD",37980,121.83
2021-04-26,"Philadelphia-Camden-Wilmington, PA-NJ-DE-MD",37980,122.05
2021-04-27,"Philadelphia-Camden-Wilmington, PA-NJ-DE-MD",37980,122.27
2021-04-28,"Philadelphia-Camden-Wilmington, PA-NJ-DE-MD",37980,122.52
2021-04-29,"Philadelphia-Camden-Wilmington, PA-NJ-DE-MD",37980,122.73
2021-04-30,"Philadelphia-Camden-Wilmington, PA-NJ-DE-MD",37980,122.83
2021-05-01,"Philadelphia-Camden-Wilmington, PA-NJ-DE-MD",37980,123.01
2021-05-02,"Philadelphia-Camden-Wilmington, PA-NJ-DE-MD",37980,123.19
2021-05-03,"Philadelphia-Camden-Wilmington, PA-NJ-DE-MD",37980,123.4
2021-05-04,"Philadelphia-Camden-Wilmington, PA-NJ-DE-MD",37980,123.7
2021-05-05,"Philadelphia-Camden-Wilmington, PA-NJ-DE-MD",37980,123.94
2021-05-06,"Philadelphia-Camden-Wilmington, PA-NJ-DE-MD",37980,124.2
2021-05-07,"Philadelphia-Camden-Wilmington, PA-NJ-DE-MD",37980,124.24
2021-05-08,"Philadelphia-Camden-Wilmington, PA-NJ-DE-MD",37980,124.43
2021-05-09,"Philadelphia-Camden-Wilmington, PA-NJ-DE-MD",37980,124.75
2021-05-10,"Philadelphia-Camden-Wilmington, PA-NJ-DE-MD",37980,124.97
2021-05-11,"Philadelphia-Camden-Wilmington, PA-NJ-DE-MD",37980,124.98
2021-05-12,"Philadelphia-Camden-Wilmington, PA-NJ-DE-MD",37980,125.1
2021-05-13,"Philadelphia-Camden-Wilmington, PA-NJ-DE-MD",37980,125.35
2021-05-14,"Philadelphia-Camden-Wilmington, PA-NJ-DE-MD",37980,125.64
2021-05-15,"Philadelphia-Camden-Wilmington, PA-NJ-DE-MD",37980,125.81
2021-05-16,"Philadelphia-Camden-Wilmington, PA-NJ-DE-MD",37980,125.93
2021-05-17,"Philadelphia-Camden-Wilmington, PA-NJ-DE-MD",37980,126.06
2021-05-18,"Philadelphia-Camden-Wilmington, PA-NJ-DE-MD",37980,126.36
2021-05-19,"Philadelphia-Camden-Wilmington, PA-NJ-DE-MD",37980,126.51
2021-05-20,"Philadelphia-Camden-Wilmington, PA-NJ-DE-MD",37980,126.52
2021-05-21,"Philadelphia-Camden-Wilmington, PA-NJ-DE-MD",37980,126.67
2021-05-22,"Philadelphia-Camden-Wilmington, PA-NJ-DE-MD",37980,126.5
2021-05-23,"Philadelphia-Camden-Wilmington, PA-NJ-DE-MD",37980,126.44
2021-05-24,"Philadelphia-Camden-Wilmington, PA-NJ-DE-MD",37980,126.39
2021-05-25,"Philadelphia-Camden-Wilmington, PA-NJ-DE-MD",37980,126.51
2021-05-26,"Philadelphia-Camden-Wilmington, PA-NJ-DE-MD",37980,126.65
2021-05-27,"Philadelphia-Camden-Wilmington, PA-NJ-DE-MD",37980,126.84
2021-05-28,"Philadelphia-Camden-Wilmington, PA-NJ-DE-MD",37980,127.05
2021-05-29,"Philadelphia-Camden-Wilmington, PA-NJ-DE-MD",37980,127.61
2021-05-30,"Philadelphia-Camden-Wilmington, PA-NJ-DE-MD",37980,127.91
2021-05-31,"Philadelphia-Camden-Wilmington, PA-NJ-DE-MD",37980,128.22
2021-06-01,"Philadelphia-Camden-Wilmington, PA-NJ-DE-MD",37980,128.18
2021-06-02,"Philadelphia-Camden-Wilmington, PA-NJ-DE-MD",37980,128.13
2021-06-03,"Philadelphia-Camden-Wilmington, PA-NJ-DE-MD",37980,128.05
2021-06-04,"Philadelphia-Camden-Wilmington, PA-NJ-DE-MD",37980,128.05
2021-06-05,"Philadelphia-Camden-Wilmington, PA-NJ-DE-MD",37980,127.92
2021-06-06,"Philadelphia-Camden-Wilmington, PA-NJ-DE-MD",37980,127.89
2021-06-07,"Philadelphia-Camden-Wilmington, PA-NJ-DE-MD",37980,127.71
2021-06-08,"Philadelphia-Camden-Wilmington, PA-NJ-DE-MD",37980,127.8
2021-06-09,"Philadelphia-Camden-Wilmington, PA-NJ-DE-MD",37980,128.02
2021-06-10,"Philadelphia-Camden-Wilmington, PA-NJ-DE-MD",37980,128.22
2021-06-11,"Philadelphia-Camden-Wilmington, PA-NJ-DE-MD",37980,128.36
2021-06-12,"Philadelphia-Camden-Wilmington, PA-NJ-DE-MD",37980,128.43
2021-06-13,"Philadelphia-Camden-Wilmington, PA-NJ-DE-MD",37980,128.5
2021-06-14,"Philadelphia-Camden-Wilmington, PA-NJ-DE-MD",37980,128.84
2021-06-15,"Philadelphia-Camden-Wilmington, PA-NJ-DE-MD",37980,129.2
2021-06-16,"Philadelphia-Camden-Wilmington, PA-NJ-DE-MD",37980,129.34
2021-06-17,"Philadelphia-Camden-Wilmington, PA-NJ-DE-MD",37980,129.49
2021-06-18,"Philadelphia-Camden-Wilmington, PA-NJ-DE-MD",37980,129.67
2021-06-19,"Philadelphia-Camden-Wilmington, PA-NJ-DE-MD",37980,129.98
2021-06-20,"Philadelphia-Camden-Wilmington, PA-NJ-DE-MD",37980,130.28
2021-06-21,"Philadelphia-Camden-Wilmington, PA-NJ-DE-MD",37980,130.48
2021-06-22,"Philadelphia-Camden-Wilmington, PA-NJ-DE-MD",37980,130.4
2021-06-23,"Philadelphia-Camden-Wilmington, PA-NJ-DE-MD",37980,130.52
2021-06-24,"Philadelphia-Camden-Wilmington, PA-NJ-DE-MD",37980,130.67
2021-06-25,"Philadelphia-Camden-Wilmington, PA-NJ-DE-MD",37980,130.77
2021-06-26,"Philadelphia-Camden-Wilmington, PA-NJ-DE-MD",37980,130.86
2021-06-27,"Philadelphia-Camden-Wilmington, PA-NJ-DE-MD",37980,130.99
2021-06-28,"Philadelphia-Camden-Wilmington, PA-NJ-DE-MD",37980,131.14
2021-06-29,"Philadelphia-Camden-Wilmington, PA-NJ-DE-MD",37980,131.44
2021-06-30,"Philadelphia-Camden-Wilmington, PA-NJ-DE-MD",37980,131.68
2021-07-01,"Philadelphia-Camden-Wilmington, PA-NJ-DE-MD",37980,131.93
2021-07-02,"Philadelphia-Camden-Wilmington, PA-NJ-DE-MD",37980,132.09
2021-07-03,"Philadelphia-Camden-Wilmington, PA-NJ-DE-MD",37980,132.39
2021-07-04,"Philadelphia-Camden-Wilmington, PA-NJ-DE-MD",37980,133.03
2021-07-05,"Philadelphia-Camden-Wilmington, PA-NJ-DE-MD",37980,133.59
2021-07-06,"Philadelphia-Camden-Wilmington, PA-NJ-DE-MD",37980,134.12
2021-07-07,"Philadelphia-Camden-Wilmington, PA-NJ-DE-MD",37980,134.46
2021-07-08,"Philadelphia-Camden-Wilmington, PA-NJ-DE-MD",37980,134.98
2021-07-09,"Philadelphia-Camden-Wilmington, PA-NJ-DE-MD",37980,135.61
2021-07-10,"Philadelphia-Camden-Wilmington, PA-NJ-DE-MD",37980,135.91
2021-07-11,"Philadelphia-Camden-Wilmington, PA-NJ-DE-MD",37980,135.72
2021-07-12,"Philadelphia-Camden-Wilmington, PA-NJ-DE-MD",37980,135.41
2021-07-13,"Philadelphia-Camden-Wilmington, PA-NJ-DE-MD",37980,135.25
2021-07-14,"Philadelphia-Camden-Wilmington, PA-NJ-DE-MD",37980,135.17
2021-07-15,"Philadelphia-Camden-Wilmington, PA-NJ-DE-MD",37980,135.25
2021-07-16,"Philadelphia-Camden-Wilmington, PA-NJ-DE-MD",37980,135.21
2021-07-17,"Philadelphia-Camden-Wilmington, PA-NJ-DE-MD",37980,135.33
2021-07-18,"Philadelphia-Camden-Wilmington, PA-NJ-DE-MD",37980,135.79
2021-07-19,"Philadelphia-Camden-Wilmington, PA-NJ-DE-MD",37980,136.28
2021-07-20,"Philadelphia-Camden-Wilmington, PA-NJ-DE-MD",37980,136.64
2021-07-21,"Philadelphia-Camden-Wilmington, PA-NJ-DE-MD",37980,136.55
2021-07-22,"Philadelphia-Camden-Wilmington, PA-NJ-DE-MD",37980,135.87
2021-07-23,"Philadelphia-Camden-Wilmington, PA-NJ-DE-MD",37980,135.26
2021-07-24,"Philadelphia-Camden-Wilmington, PA-NJ-DE-MD",37980,134.7
2021-07-25,"Philadelphia-Camden-Wilmington, PA-NJ-DE-MD",37980,133.88
2021-07-26,"Philadelphia-Camden-Wilmington, PA-NJ-DE-MD",37980,133.18
2021-07-27,"Philadelphia-Camden-Wilmington, PA-NJ-DE-MD",37980,132.56
2021-07-28,"Philadelphia-Camden-Wilmington, PA-NJ-DE-MD",37980,132.38
2021-07-29,"Philadelphia-Camden-Wilmington, PA-NJ-DE-MD",37980,132.41
2021-07-30,"Philadelphia-Camden-Wilmington, PA-NJ-DE-MD",37980,132.23
2021-07-31,"Philadelphia-Camden-Wilmington, PA-NJ-DE-MD",37980,132.13
2021-08-01,"Philadelphia-Camden-Wilmington, PA-NJ-DE-MD",37980,132.15
2021-08-02,"Philadelphia-Camden-Wilmington, PA-NJ-DE-MD",37980,132.3
2021-08-03,"Philadelphia-Camden-Wilmington, PA-NJ-DE-MD",37980,132.34
2021-08-04,"Philadelphia-Camden-Wilmington, PA-NJ-DE-MD",37980,132.47
2021-08-05,"Philadelphia-Camden-Wilmington, PA-NJ-DE-MD",37980,132.43
2021-08-06,"Philadelphia-Camden-Wilmington, PA-NJ-DE-MD",37980,132.68
2021-08-07,"Philadelphia-Camden-Wilmington, PA-NJ-DE-MD",37980,132.92
2021-08-08,"Philadelphia-Camden-Wilmington, PA-NJ-DE-MD",37980,133.14
2021-08-09,"Philadelphia-Camden-Wilmington, PA-NJ-DE-MD",37980,133.22
2021-08-10,"Philadelphia-Camden-Wilmington, PA-NJ-DE-MD",37980,133.19
2021-08-11,"Philadelphia-Camden-Wilmington, PA-NJ-DE-MD",37980,133.2
2021-08-12,"Philadelphia-Camden-Wilmington, PA-NJ-DE-MD",37980,133.56
2021-08-13,"Philadelphia-Camden-Wilmington, PA-NJ-DE-MD",37980,133.91
2021-08-14,"Philadelphia-Camden-Wilmington, PA-NJ-DE-MD",37980,134.17
2021-08-15,"Philadelphia-Camden-Wilmington, PA-NJ-DE-MD",37980,134.37
2021-08-16,"Philadelphia-Camden-Wilmington, PA-NJ-DE-MD",37980,134.56
2021-08-17,"Philadelphia-Camden-Wilmington, PA-NJ-DE-MD",37980,134.94
2021-08-18,"Philadelphia-Camden-Wilmington, PA-NJ-DE-MD",37980,135.26
2021-08-19,"Philadelphia-Camden-Wilmington, PA-NJ-DE-MD",37980,135.49
2021-08-20,"Philadelphia-Camden-Wilmington, PA-NJ-DE-MD",37980,135.51
2021-08-21,"Philadelphia-Camden-Wilmington, PA-NJ-DE-MD",37980,135.69
2021-08-22,"Philadelphia-Camden-Wilmington, PA-NJ-DE-MD",37980,136.06
2021-08-23,"Philadelphia-Camden-Wilmington, PA-NJ-DE-MD",37980,136.39
2021-08-24,"Philadelphia-Camden-Wilmington, PA-NJ-DE-MD",37980,136.61
2021-08-25,"Philadelphia-Camden-Wilmington, PA-NJ-DE-MD",37980,136.94
2021-08-26,"Philadelphia-Camden-Wilmington, PA-NJ-DE-MD",37980,137.17
2021-08-27,"Philadelphia-Camden-Wilmington, PA-NJ-DE-MD",37980,137.49
2021-08-28,"Philadelphia-Camden-Wilmington, PA-NJ-DE-MD",37980,137.69
2021-08-29,"Philadelphia-Camden-Wilmington, PA-NJ-DE-MD",37980,137.79
2021-08-30,"Philadelphia-Camden-Wilmington, PA-NJ-DE-MD",37980,137.89
2021-08-31,"Philadelphia-Camden-Wilmington, PA-NJ-DE-MD",37980,137.86
2021-09-01,"Philadelphia-Camden-Wilmington, PA-NJ-DE-MD",37980,137.67
2021-09-02,"Philadelphia-Camden-Wilmington, PA-NJ-DE-MD",37980,137.71
2021-09-03,"Philadelphia-Camden-Wilmington, PA-NJ-DE-MD",37980,137.76
2021-09-04,"Philadelphia-Camden-Wilmington, PA-NJ-DE-MD",37980,137.75
2021-09-05,"Philadelphia-Camden-Wilmington, PA-NJ-DE-MD",37980,137.66
2021-09-06,"Philadelphia-Camden-Wilmington, PA-NJ-DE-MD",37980,137.82
2021-09-07,"Philadelphia-Camden-Wilmington, PA-NJ-DE-MD",37980,138
2021-09-08,"Philadelphia-Camden-Wilmington, PA-NJ-DE-MD",37980,138.29
2021-09-09,"Philadelphia-Camden-Wilmington, PA-NJ-DE-MD",37980,138.37
2021-09-10,"Philadelphia-Camden-Wilmington, PA-NJ-DE-MD",37980,138.15
2021-09-11,"Philadelphia-Camden-Wilmington, PA-NJ-DE-MD",37980,138.02
2021-09-12,"Philadelphia-Camden-Wilmington, PA-NJ-DE-MD",37980,138.14
2021-09-13,"Philadelphia-Camden-Wilmington, PA-NJ-DE-MD",37980,138.07
2021-09-14,"Philadelphia-Camden-Wilmington, PA-NJ-DE-MD",37980,138.24
2021-09-15,"Philadelphia-Camden-Wilmington, PA-NJ-DE-MD",37980,138.39
2021-09-16,"Philadelphia-Camden-Wilmington, PA-NJ-DE-MD",37980,138.36
2021-09-17,"Philadelphia-Camden-Wilmington, PA-NJ-DE-MD",37980,138.69
2021-09-18,"Philadelphia-Camden-Wilmington, PA-NJ-DE-MD",37980,138.91
2021-09-19,"Philadelphia-Camden-Wilmington, PA-NJ-DE-MD",37980,138.97
2021-09-20,"Philadelphia-Camden-Wilmington, PA-NJ-DE-MD",37980,138.76
2021-09-21,"Philadelphia-Camden-Wilmington, PA-NJ-DE-MD",37980,138.48
2021-09-22,"Philadelphia-Camden-Wilmington, PA-NJ-DE-MD",37980,138.43
2021-09-23,"Philadelphia-Camden-Wilmington, PA-NJ-DE-MD",37980,138.53
2021-09-24,"Philadelphia-Camden-Wilmington, PA-NJ-DE-MD",37980,138.53
2021-09-25,"Philadelphia-Camden-Wilmington, PA-NJ-DE-MD",37980,138.58
2021-09-26,"Philadelphia-Camden-Wilmington, PA-NJ-DE-MD",37980,138.54
2021-09-27,"Philadelphia-Camden-Wilmington, PA-NJ-DE-MD",37980,138.83
2021-09-28,"Philadelphia-Camden-Wilmington, PA-NJ-DE-MD",37980,139.12
2021-09-29,"Philadelphia-Camden-Wilmington, PA-NJ-DE-MD",37980,139.18
2021-09-30,"Philadelphia-Camden-Wilmington, PA-NJ-DE-MD",37980,139.12
2021-10-01,"Philadelphia-Camden-Wilmington, PA-NJ-DE-MD",37980,139.02
2021-10-02,"Philadelphia-Camden-Wilmington, PA-NJ-DE-MD",37980,139.23
2021-10-03,"Philadelphia-Camden-Wilmington, PA-NJ-DE-MD",37980,139.45
2021-10-04,"Philadelphia-Camden-Wilmington, PA-NJ-DE-MD",37980,139.56
2021-10-05,"Philadelphia-Camden-Wilmington, PA-NJ-DE-MD",37980,139.73
2021-10-06,"Philadelphia-Camden-Wilmington, PA-NJ-DE-MD",37980,139.86
2021-10-07,"Philadelphia-Camden-Wilmington, PA-NJ-DE-MD",37980,140.15
2021-10-08,"Philadelphia-Camden-Wilmington, PA-NJ-DE-MD",37980,140.61
2021-10-09,"Philadelphia-Camden-Wilmington, PA-NJ-DE-MD",37980,140.99
2021-10-10,"Philadelphia-Camden-Wilmington, PA-NJ-DE-MD",37980,140.98
2021-10-11,"Philadelphia-Camden-Wilmington, PA-NJ-DE-MD",37980,141.05
2021-10-12,"Philadelphia-Camden-Wilmington, PA-NJ-DE-MD",37980,141.21
2021-10-13,"Philadelphia-Camden-Wilmington, PA-NJ-DE-MD",37980,141.31
2021-10-14,"Philadelphia-Camden-Wilmington, PA-NJ-DE-MD",37980,141.4
2021-10-15,"Philadelphia-Camden-Wilmington, PA-NJ-DE-MD",37980,141.61
2021-10-16,"Philadelphia-Camden-Wilmington, PA-NJ-DE-MD",37980,141.38
2021-10-17,"Philadelphia-Camden-Wilmington, PA-NJ-DE-MD",37980,141.78
2021-10-18,"Philadelphia-Camden-Wilmington, PA-NJ-DE-MD",37980,142.04
2021-10-19,"Philadelphia-Camden-Wilmington, PA-NJ-DE-MD",37980,142.53
2021-10-20,"Philadelphia-Camden-Wilmington, PA-NJ-DE-MD",37980,142.74
2021-10-21,"Philadelphia-Camden-Wilmington, PA-NJ-DE-MD",37980,143.03
2021-10-22,"Philadelphia-Camden-Wilmington, PA-NJ-DE-MD",37980,143.48
2021-10-23,"Philadelphia-Camden-Wilmington, PA-NJ-DE-MD",37980,144.17
2021-10-24,"Philadelphia-Camden-Wilmington, PA-NJ-DE-MD",37980,144.56
2021-10-25,"Philadelphia-Camden-Wilmington, PA-NJ-DE-MD",37980,145.06
2021-10-26,"Philadelphia-Camden-Wilmington, PA-NJ-DE-MD",37980,145.05
2021-10-27,"Philadelphia-Camden-Wilmington, PA-NJ-DE-MD",37980,145.34
2021-10-28,"Philadelphia-Camden-Wilmington, PA-NJ-DE-MD",37980,145.62
2021-10-29,"Philadelphia-Camden-Wilmington, PA-NJ-DE-MD",37980,145.34
2021-10-30,"Philadelphia-Camden-Wilmington, PA-NJ-DE-MD",37980,145.18
2021-10-31,"Philadelphia-Camden-Wilmington, PA-NJ-DE-MD",37980,145.03
2021-11-01,"Philadelphia-Camden-Wilmington, PA-NJ-DE-MD",37980,145
2021-11-02,"Philadelphia-Camden-Wilmington, PA-NJ-DE-MD",37980,145.24
2021-11-03,"Philadelphia-Camden-Wilmington, PA-NJ-DE-MD",37980,145.36
2021-11-04,"Philadelphia-Camden-Wilmington, PA-NJ-DE-MD",37980,145.4
2021-11-05,"Philadelphia-Camden-Wilmington, PA-NJ-DE-MD",37980,145.43
2021-11-06,"Philadelphia-Camden-Wilmington, PA-NJ-DE-MD",37980,145.45
2021-11-07,"Philadelphia-Camden-Wilmington, PA-NJ-DE-MD",37980,145.63
2021-11-08,"Philadelphia-Camden-Wilmington, PA-NJ-DE-MD",37980,145.67
2021-11-09,"Philadelphia-Camden-Wilmington, PA-NJ-DE-MD",37980,145.41
2021-11-10,"Philadelphia-Camden-Wilmington, PA-NJ-DE-MD",37980,145.23
2021-11-11,"Philadelphia-Camden-Wilmington, PA-NJ-DE-MD",37980,145.48
2021-11-12,"Philadelphia-Camden-Wilmington, PA-NJ-DE-MD",37980,145.99
2021-11-13,"Philadelphia-Camden-Wilmington, PA-NJ-DE-MD",37980,146.28
2021-11-14,"Philadelphia-Camden-Wilmington, PA-NJ-DE-MD",37980,146.48
2021-11-15,"Philadelphia-Camden-Wilmington, PA-NJ-DE-MD",37980,146.78
2021-11-16,"Philadelphia-Camden-Wilmington, PA-NJ-DE-MD",37980,147.35
2021-11-17,"Philadelphia-Camden-Wilmington, PA-NJ-DE-MD",37980,148
2021-11-18,"Philadelphia-Camden-Wilmington, PA-NJ-DE-MD",37980,148.13
2021-11-19,"Philadelphia-Camden-Wilmington, PA-NJ-DE-MD",37980,148.08
2021-11-20,"Philadelphia-Camden-Wilmington, PA-NJ-DE-MD",37980,147.93
2021-11-21,"Philadelphia-Camden-Wilmington, PA-NJ-DE-MD",37980,148.19
2021-11-22,"Philadelphia-Camden-Wilmington, PA-NJ-DE-MD",37980,148.42
2021-11-23,"Philadelphia-Camden-Wilmington, PA-NJ-DE-MD",37980,148.51
2021-11-24,"Philadelphia-Camden-Wilmington, PA-NJ-DE-MD",37980,148.63
2021-11-25,"Philadelphia-Camden-Wilmington, PA-NJ-DE-MD",37980,148.48
2021-11-26,"Philadelphia-Camden-Wilmington, PA-NJ-DE-MD",37980,148.83
2021-11-27,"Philadelphia-Camden-Wilmington, PA-NJ-DE-MD",37980,149.26
2021-11-28,"Philadelphia-Camden-Wilmington, PA-NJ-DE-MD",37980,148.97
2021-11-29,"Philadelphia-Camden-Wilmington, PA-NJ-DE-MD",37980,148.52
2021-11-30,"Philadelphia-Camden-Wilmington, PA-NJ-DE-MD",37980,148.27
2021-12-01,"Philadelphia-Camden-Wilmington, PA-NJ-DE-MD",37980,148.24
2021-12-02,"Philadelphia-Camden-Wilmington, PA-NJ-DE-MD",37980,148.68
2021-12-03,"Philadelphia-Camden-Wilmington, PA-NJ-DE-MD",37980,148.72
2021-12-04,"Philadelphia-Camden-Wilmington, PA-NJ-DE-MD",37980,148.9
2021-12-05,"Philadelphia-Camden-Wilmington, PA-NJ-DE-MD",37980,149.7
2021-12-06,"Philadelphia-Camden-Wilmington, PA-NJ-DE-MD",37980,150.57
2021-12-07,"Philadelphia-Camden-Wilmington, PA-NJ-DE-MD",37980,150.88
2021-12-08,"Philadelphia-Camden-Wilmington, PA-NJ-DE-MD",37980,151.08
2021-12-09,"Philadelphia-Camden-Wilmington, PA-NJ-DE-MD",37980,151.07
2021-12-10,"Philadelphia-Camden-Wilmington, PA-NJ-DE-MD",37980,151.17
2021-12-11,"Philadelphia-Camden-Wilmington, PA-NJ-DE-MD",37980,151.15
2021-12-12,"Philadelphia-Camden-Wilmington, PA-NJ-DE-MD",37980,151.33
2021-12-13,"Philadelphia-Camden-Wilmington, PA-NJ-DE-MD",37980,151.63
2021-12-14,"Philadelphia-Camden-Wilmington, PA-NJ-DE-MD",37980,152.52
2021-12-15,"Philadelphia-Camden-Wilmington, PA-NJ-DE-MD",37980,153.2
2021-12-16,"Philadelphia-Camden-Wilmington, PA-NJ-DE-MD",37980,153.98
2021-12-17,"Philadelphia-Camden-Wilmington, PA-NJ-DE-MD",37980,154.97
2021-12-18,"Philadelphia-Camden-Wilmington, PA-NJ-DE-MD",37980,156.02
2021-12-19,"Philadelphia-Camden-Wilmington, PA-NJ-DE-MD",37980,156.4
2021-12-20,"Philadelphia-Camden-Wilmington, PA-NJ-DE-MD",37980,156.68
2021-12-21,"Philadelphia-Camden-Wilmington, PA-NJ-DE-MD",37980,155.97
2021-12-22,"Philadelphia-Camden-Wilmington, PA-NJ-DE-MD",37980,155.21
2021-12-23,"Philadelphia-Camden-Wilmington, PA-NJ-DE-MD",37980,154.51
2021-12-24,"Philadelphia-Camden-Wilmington, PA-NJ-DE-MD",37980,153.53
2021-12-25,"Philadelphia-Camden-Wilmington, PA-NJ-DE-MD",37980,152.59
2021-12-26,"Philadelphia-Camden-Wilmington, PA-NJ-DE-MD",37980,151.75
2021-12-27,"Philadelphia-Camden-Wilmington, PA-NJ-DE-MD",37980,151
2021-12-28,"Philadelphia-Camden-Wilmington, PA-NJ-DE-MD",37980,150.98
2021-12-29,"Philadelphia-Camden-Wilmington, PA-NJ-DE-MD",37980,151.15
2021-12-30,"Philadelphia-Camden-Wilmington, PA-NJ-DE-MD",37980,150.96
2021-12-31,"Philadelphia-Camden-Wilmington, PA-NJ-DE-MD",37980,150.9
2022-01-01,"Philadelphia-Camden-Wilmington, PA-NJ-DE-MD",37980,150.8
2022-01-02,"Philadelphia-Camden-Wilmington, PA-NJ-DE-MD",37980,150.68
2022-01-03,"Philadelphia-Camden-Wilmington, PA-NJ-DE-MD",37980,150.45
2022-01-04,"Philadelphia-Camden-Wilmington, PA-NJ-DE-MD",37980,150.42
2022-01-05,"Philadelphia-Camden-Wilmington, PA-NJ-DE-MD",37980,150.32
2022-01-06,"Philadelphia-Camden-Wilmington, PA-NJ-DE-MD",37980,150.53
2022-01-07,"Philadelphia-Camden-Wilmington, PA-NJ-DE-MD",37980,150.33
2022-01-08,"Philadelphia-Camden-Wilmington, PA-NJ-DE-MD",37980,150.38
2022-01-09,"Philadelphia-Camden-Wilmington, PA-NJ-DE-MD",37980,150.32
2022-01-10,"Philadelphia-Camden-Wilmington, PA-NJ-DE-MD",37980,150.49
2022-01-11,"Philadelphia-Camden-Wilmington, PA-NJ-DE-MD",37980,150.48
2022-01-12,"Philadelphia-Camden-Wilmington, PA-NJ-DE-MD",37980,150.44
2022-01-13,"Philadelphia-Camden-Wilmington, PA-NJ-DE-MD",37980,150.31
2022-01-14,"Philadelphia-Camden-Wilmington, PA-NJ-DE-MD",37980,150.35
2022-01-15,"Philadelphia-Camden-Wilmington, PA-NJ-DE-MD",37980,150.31
2022-01-16,"Philadelphia-Camden-Wilmington, PA-NJ-DE-MD",37980,150.34
2022-01-17,"Philadelphia-Camden-Wilmington, PA-NJ-DE-MD",37980,149.93
2022-01-18,"Philadelphia-Camden-Wilmington, PA-NJ-DE-MD",37980,149.81
2022-01-19,"Philadelphia-Camden-Wilmington, PA-NJ-DE-MD",37980,149.46
2022-01-20,"Philadelphia-Camden-Wilmington, PA-NJ-DE-MD",37980,149.38
2022-01-21,"Philadelphia-Camden-Wilmington, PA-NJ-DE-MD",37980,149.34
2022-01-22,"Philadelphia-Camden-Wilmington, PA-NJ-DE-MD",37980,149.08
2022-01-23,"Philadelphia-Camden-Wilmington, PA-NJ-DE-MD",37980,149.03
2022-01-24,"Philadelphia-Camden-Wilmington, PA-NJ-DE-MD",37980,149.22
2022-01-25,"Philadelphia-Camden-Wilmington, PA-NJ-DE-MD",37980,149.16
2022-01-26,"Philadelphia-Camden-Wilmington, PA-NJ-DE-MD",37980,149.31
2022-01-27,"Philadelphia-Camden-Wilmington, PA-NJ-DE-MD",37980,149.28
2022-01-28,"Philadelphia-Camden-Wilmington, PA-NJ-DE-MD",37980,149.32
2022-01-29,"Philadelphia-Camden-Wilmington, PA-NJ-DE-MD",37980,149.43
2022-01-30,"Philadelphia-Camden-Wilmington, PA-NJ-DE-MD",37980,149.71
2022-01-31,"Philadelphia-Camden-Wilmington, PA-NJ-DE-MD",37980,149.88
2022-02-01,"Philadelphia-Camden-Wilmington, PA-NJ-DE-MD",37980,150.17
2022-02-02,"Philadelphia-Camden-Wilmington, PA-NJ-DE-MD",37980,150.54
2022-02-03,"Philadelphia-Camden-Wilmington, PA-NJ-DE-MD",37980,150.86
2022-02-04,"Philadelphia-Camden-Wilmington, PA-NJ-DE-MD",37980,151.23
2022-02-05,"Philadelphia-Camden-Wilmington, PA-NJ-DE-MD",37980,151.64
2022-02-06,"Philadelphia-Camden-Wilmington, PA-NJ-DE-MD",37980,151.5
2022-02-07,"Philadelphia-Camden-Wilmington, PA-NJ-DE-MD",37980,151.37
2022-02-08,"Philadelphia-Camden-Wilmington, PA-NJ-DE-MD",37980,151.28
2022-02-09,"Philadelphia-Camden-Wilmington, PA-NJ-DE-MD",37980,151.33
2022-02-10,"Philadelphia-Camden-Wilmington, PA-NJ-DE-MD",37980,151.38
2022-02-11,"Philadelphia-Camden-Wilmington, PA-NJ-DE-MD",37980,151.37
2022-02-12,"Philadelphia-Camden-Wilmington, PA-NJ-DE-MD",37980,151.32
2022-02-13,"Philadelphia-Camden-Wilmington, PA-NJ-DE-MD",37980,151.47
2022-02-14,"Philadelphia-Camden-Wilmington, PA-NJ-DE-MD",37980,151.68
2022-02-15,"Philadelphia-Camden-Wilmington, PA-NJ-DE-MD",37980,151.63
2022-02-16,"Philadelphia-Camden-Wilmington, PA-NJ-DE-MD",37980,151.31
2022-02-17,"Philadelphia-Camden-Wilmington, PA-NJ-DE-MD",37980,151.05
2022-02-18,"Philadelphia-Camden-Wilmington, PA-NJ-DE-MD",37980,151.12
2022-02-19,"Philadelphia-Camden-Wilmington, PA-NJ-DE-MD",37980,150.98
2022-02-20,"Philadelphia-Camden-Wilmington, PA-NJ-DE-MD",37980,151.14
2022-02-21,"Philadelphia-Camden-Wilmington, PA-NJ-DE-MD",37980,151.33
2022-02-22,"Philadelphia-Camden-Wilmington, PA-NJ-DE-MD",37980,151.38
2022-02-23,"Philadelphia-Camden-Wilmington, PA-NJ-DE-MD",37980,151.7
2022-02-24,"Philadelphia-Camden-Wilmington, PA-NJ-DE-MD",37980,152.07
2022-02-25,"Philadelphia-Camden-Wilmington, PA-NJ-DE-MD",37980,151.99
2022-02-26,"Philadelphia-Camden-Wilmington, PA-NJ-DE-MD",37980,152.38
2022-02-27,"Philadelphia-Camden-Wilmington, PA-NJ-DE-MD",37980,152.08
2022-02-28,"Philadelphia-Camden-Wilmington, PA-NJ-DE-MD",37980,151.81
2022-03-01,"Philadelphia-Camden-Wilmington, PA-NJ-DE-MD",37980,151.68
2022-03-02,"Philadelphia-Camden-Wilmington, PA-NJ-DE-MD",37980,151.78
2022-03-03,"Philadelphia-Camden-Wilmington, PA-NJ-DE-MD",37980,151.79
2022-03-04,"Philadelphia-Camden-Wilmington, PA-NJ-DE-MD",37980,151.98
2022-03-05,"Philadelphia-Camden-Wilmington, PA-NJ-DE-MD",37980,151.86
2022-03-06,"Philadelphia-Camden-Wilmington, PA-NJ-DE-MD",37980,152.2
2022-03-07,"Philadelphia-Camden-Wilmington, PA-NJ-DE-MD",37980,152.37
2022-03-08,"Philadelphia-Camden-Wilmington, PA-NJ-DE-MD",37980,152.7
2022-03-09,"Philadelphia-Camden-Wilmington, PA-NJ-DE-MD",37980,152.44
2022-03-10,"Philadelphia-Camden-Wilmington, PA-NJ-DE-MD",37980,152.08
2022-03-11,"Philadelphia-Camden-Wilmington, PA-NJ-DE-MD",37980,151.62
2022-03-12,"Philadelphia-Camden-Wilmington, PA-NJ-DE-MD",37980,151.56
2022-03-13,"Philadelphia-Camden-Wilmington, PA-NJ-DE-MD",37980,151.46
2022-03-14,"Philadelphia-Camden-Wilmington, PA-NJ-DE-MD",37980,151.46
2022-03-15,"Philadelphia-Camden-Wilmington, PA-NJ-DE-MD",37980,151.23
2022-03-16,"Philadelphia-Camden-Wilmington, PA-NJ-DE-MD",37980,151.41
2022-03-17,"Philadelphia-Camden-Wilmington, PA-NJ-DE-MD",37980,151.71
2022-03-18,"Philadelphia-Camden-Wilmington, PA-NJ-DE-MD",37980,152.03
2022-03-19,"Philadelphia-Camden-Wilmington, PA-NJ-DE-MD",37980,151.75
2022-03-20,"Philadelphia-Camden-Wilmington, PA-NJ-DE-MD",37980,151.48
2022-03-21,"Philadelphia-Camden-Wilmington, PA-NJ-DE-MD",37980,151.14
2022-03-22,"Philadelphia-Camden-Wilmington, PA-NJ-DE-MD",37980,151.26
2022-03-23,"Philadelphia-Camden-Wilmington, PA-NJ-DE-MD",37980,151.19
2022-03-24,"Philadelphia-Camden-Wilmington, PA-NJ-DE-MD",37980,151.16
2022-03-25,"Philadelphia-Camden-Wilmington, PA-NJ-DE-MD",37980,151.25
2022-03-26,"Philadelphia-Camden-Wilmington, PA-NJ-DE-MD",37980,151.29
2022-03-27,"Philadelphia-Camden-Wilmington, PA-NJ-DE-MD",37980,151.62
2022-03-28,"Philadelphia-Camden-Wilmington, PA-NJ-DE-MD",37980,151.9
2022-03-29,"Philadelphia-Camden-Wilmington, PA-NJ-DE-MD",37980,151.67
2022-03-30,"Philadelphia-Camden-Wilmington, PA-NJ-DE-MD",37980,151.55
2022-03-31,"Philadelphia-Camden-Wilmington, PA-NJ-DE-MD",37980,151.39
2022-04-01,"Philadelphia-Camden-Wilmington, PA-NJ-DE-MD",37980,151.29
2022-04-02,"Philadelphia-Camden-Wilmington, PA-NJ-DE-MD",37980,151.38
2022-04-03,"Philadelphia-Camden-Wilmington, PA-NJ-DE-MD",37980,151.17
2022-04-04,"Philadelphia-Camden-Wilmington, PA-NJ-DE-MD",37980,150.92
2022-04-05,"Philadelphia-Camden-Wilmington, PA-NJ-DE-MD",37980,151.06
2022-04-06,"Philadelphia-Camden-Wilmington, PA-NJ-DE-MD",37980,151.12
2022-04-07,"Philadelphia-Camden-Wilmington, PA-NJ-DE-MD",37980,151.1
2022-04-08,"Philadelphia-Camden-Wilmington, PA-NJ-DE-MD",37980,150.77
2022-04-09,"Philadelphia-Camden-Wilmington, PA-NJ-DE-MD",37980,150.25
2022-04-10,"Philadelphia-Camden-Wilmington, PA-NJ-DE-MD",37980,149.5
2022-04-11,"Philadelphia-Camden-Wilmington, PA-NJ-DE-MD",37980,149.16
2022-04-12,"Philadelphia-Camden-Wilmington, PA-NJ-DE-MD",37980,148.75
2022-04-13,"Philadelphia-Camden-Wilmington, PA-NJ-DE-MD",37980,148.41
2022-04-14,"Philadelphia-Camden-Wilmington, PA-NJ-DE-MD",37980,148.26
2022-04-15,"Philadelphia-Camden-Wilmington, PA-NJ-DE-MD",37980,148.31
2022-04-16,"Philadelphia-Camden-Wilmington, PA-NJ-DE-MD",37980,148.67
2022-04-17,"Philadelphia-Camden-Wilmington, PA-NJ-DE-MD",37980,149.27
2022-04-18,"Philadelphia-Camden-Wilmington, PA-NJ-DE-MD",37980,149.53
2022-04-19,"Philadelphia-Camden-Wilmington, PA-NJ-DE-MD",37980,149.89
2022-04-20,"Philadelphia-Camden-Wilmington, PA-NJ-DE-MD",37980,149.91
2022-04-21,"Philadelphia-Camden-Wilmington, PA-NJ-DE-MD",37980,150.03
2022-04-22,"Philadelphia-Camden-Wilmington, PA-NJ-DE-MD",37980,150.22
2022-04-23,"Philadelphia-Camden-Wilmington, PA-NJ-DE-MD",37980,150.39
2022-04-24,"Philadelphia-Camden-Wilmington, PA-NJ-DE-MD",37980,150.41
2022-04-25,"Philadelphia-Camden-Wilmington, PA-NJ-DE-MD",37980,150.33
2022-04-26,"Philadelphia-Camden-Wilmington, PA-NJ-DE-MD",37980,150.29
2022-04-27,"Philadelphia-Camden-Wilmington, PA-NJ-DE-MD",37980,149.98
2022-04-28,"Philadelphia-Camden-Wilmington, PA-NJ-DE-MD",37980,150.02
2022-04-29,"Philadelphia-Camden-Wilmington, PA-NJ-DE-MD",37980,150
2022-04-30,"Philadelphia-Camden-Wilmington, PA-NJ-DE-MD",37980,149.92
2022-05-01,"Philadelphia-Camden-Wilmington, PA-NJ-DE-MD",37980,150.28
2022-05-02,"Philadelphia-Camden-Wilmington, PA-NJ-DE-MD",37980,150.43
2022-05-03,"Philadelphia-Camden-Wilmington, PA-NJ-DE-MD",37980,150.4
2022-05-04,"Philadelphia-Camden-Wilmington, PA-NJ-DE-MD",37980,151
2022-05-05,"Philadelphia-Camden-Wilmington, PA-NJ-DE-MD",37980,150.89
2022-05-06,"Philadelphia-Camden-Wilmington, PA-NJ-DE-MD",37980,150.85
2022-05-07,"Philadelphia-Camden-Wilmington, PA-NJ-DE-MD",37980,150.52
2022-05-08,"Philadelphia-Camden-Wilmington, PA-NJ-DE-MD",37980,150.17
2022-05-09,"Philadelphia-Camden-Wilmington, PA-NJ-DE-MD",37980,150.3
2022-05-10,"Philadelphia-Camden-Wilmington, PA-NJ-DE-MD",37980,150.34
2022-05-11,"Philadelphia-Camden-Wilmington, PA-NJ-DE-MD",37980,150.29
2022-05-12,"Philadelphia-Camden-Wilmington, PA-NJ-DE-MD",37980,150.42
2022-05-13,"Philadelphia-Camden-Wilmington, PA-NJ-DE-MD",37980,150.42
2022-05-14,"Philadelphia-Camden-Wilmington, PA-NJ-DE-MD",37980,150.81
2022-05-15,"Philadelphia-Camden-Wilmington, PA-NJ-DE-MD",37980,150.93
2022-05-16,"Philadelphia-Camden-Wilmington, PA-NJ-DE-MD",37980,151.01
2022-05-17,"Philadelphia-Camden-Wilmington, PA-NJ-DE-MD",37980,150.86
2022-05-18,"Philadelphia-Camden-Wilmington, PA-NJ-DE-MD",37980,150.94
2022-05-19,"Philadelphia-Camden-Wilmington, PA-NJ-DE-MD",37980,150.92
2022-05-20,"Philadelphia-Camden-Wilmington, PA-NJ-DE-MD",37980,151.01
2022-05-21,"Philadelphia-Camden-Wilmington, PA-NJ-DE-MD",37980,150.83
2022-05-22,"Philadelphia-Camden-Wilmington, PA-NJ-DE-MD",37980,150.85
2022-05-23,"Philadelphia-Camden-Wilmington, PA-NJ-DE-MD",37980,150.84
2022-05-24,"Philadelphia-Camden-Wilmington, PA-NJ-DE-MD",37980,151.09
2022-05-25,"Philadelphia-Camden-Wilmington, PA-NJ-DE-MD",37980,151.02
2022-05-26,"Philadelphia-Camden-Wilmington, PA-NJ-DE-MD",37980,150.78
2022-05-27,"Philadelphia-Camden-Wilmington, PA-NJ-DE-MD",37980,150.6
2022-05-28,"Philadelphia-Camden-Wilmington, PA-NJ-DE-MD",37980,150.64
2022-05-29,"Philadelphia-Camden-Wilmington, PA-NJ-DE-MD",37980,150.34
2022-05-30,"Philadelphia-Camden-Wilmington, PA-NJ-DE-MD",37980,150.2
2022-05-31,"Philadelphia-Camden-Wilmington, PA-NJ-DE-MD",37980,149.91
2022-06-01,"Philadelphia-Camden-Wilmington, PA-NJ-DE-MD",37980,149.72
2022-06-02,"Philadelphia-Camden-Wilmington, PA-NJ-DE-MD",37980,149.73
2022-06-03,"Philadelphia-Camden-Wilmington, PA-NJ-DE-MD",37980,149.57
2022-06-04,"Philadelphia-Camden-Wilmington, PA-NJ-DE-MD",37980,149.34
2022-06-05,"Philadelphia-Camden-Wilmington, PA-NJ-DE-MD",37980,149.16
2022-06-06,"Philadelphia-Camden-Wilmington, PA-NJ-DE-MD",37980,148.91
2022-06-07,"Philadelphia-Camden-Wilmington, PA-NJ-DE-MD",37980,148.77
2022-06-08,"Philadelphia-Camden-Wilmington, PA-NJ-DE-MD",37980,148.61
2022-06-09,"Philadelphia-Camden-Wilmington, PA-NJ-DE-MD",37980,148.4
2022-06-10,"Philadelphia-Camden-Wilmington, PA-NJ-DE-MD",37980,148.19
2022-06-11,"Philadelphia-Camden-Wilmington, PA-NJ-DE-MD",37980,148.05
2022-06-12,"Philadelphia-Camden-Wilmington, PA-NJ-DE-MD",37980,147.95
2022-06-13,"Philadelphia-Camden-Wilmington, PA-NJ-DE-MD",37980,147.8
2022-06-14,"Philadelphia-Camden-Wilmington, PA-NJ-DE-MD",37980,147.75
2022-06-15,"Philadelphia-Camden-Wilmington, PA-NJ-DE-MD",37980,147.65
2022-06-16,"Philadelphia-Camden-Wilmington, PA-NJ-DE-MD",37980,147.58
2022-06-17,"Philadelphia-Camden-Wilmington, PA-NJ-DE-MD",37980,147.46
2022-06-18,"Philadelphia-Camden-Wilmington, PA-NJ-DE-MD",37980,147.47
2022-06-19,"Philadelphia-Camden-Wilmington, PA-NJ-DE-MD",37980,147.47
2022-06-20,"Philadelphia-Camden-Wilmington, PA-NJ-DE-MD",37980,147.54
2022-06-21,"Philadelphia-Camden-Wilmington, PA-NJ-DE-MD",37980,147.46
2022-06-22,"Philadelphia-Camden-Wilmington, PA-NJ-DE-MD",37980,147.52
2022-06-23,"Philadelphia-Camden-Wilmington, PA-NJ-DE-MD",37980,147.52
2022-06-24,"Philadelphia-Camden-Wilmington, PA-NJ-DE-MD",37980,147.56
2022-06-25,"Philadelphia-Camden-Wilmington, PA-NJ-DE-MD",37980,147.33
2022-06-26,"Philadelphia-Camden-Wilmington, PA-NJ-DE-MD",37980,147.27
2022-06-27,"Philadelphia-Camden-Wilmington, PA-NJ-DE-MD",37980,146.99
2022-06-28,"Philadelphia-Camden-Wilmington, PA-NJ-DE-MD",37980,146.88
2022-06-29,"Philadelphia-Camden-Wilmington, PA-NJ-DE-MD",37980,146.85
2022-06-30,"Philadelphia-Camden-Wilmington, PA-NJ-DE-MD",37980,146.88
2022-07-01,"Philadelphia-Camden-Wilmington, PA-NJ-DE-MD",37980,146.87
2022-07-02,"Philadelphia-Camden-Wilmington, PA-NJ-DE-MD",37980,147.06
2022-07-03,"Philadelphia-Camden-Wilmington, PA-NJ-DE-MD",37980,147.05
2022-07-04,"Philadelphia-Camden-Wilmington, PA-NJ-DE-MD",37980,147.15
2022-07-05,"Philadelphia-Camden-Wilmington, PA-NJ-DE-MD",37980,147.27
2022-07-06,"Philadelphia-Camden-Wilmington, PA-NJ-DE-MD",37980,147.18
2022-07-07,"Philadelphia-Camden-Wilmington, PA-NJ-DE-MD",37980,146.95
2022-07-08,"Philadelphia-Camden-Wilmington, PA-NJ-DE-MD",37980,146.91
2022-07-09,"Philadelphia-Camden-Wilmington, PA-NJ-DE-MD",37980,146.72
2022-07-10,"Philadelphia-Camden-Wilmington, PA-NJ-DE-MD",37980,146.68
2022-07-11,"Philadelphia-Camden-Wilmington, PA-NJ-DE-MD",37980,146.66
2022-07-12,"Philadelphia-Camden-Wilmington, PA-NJ-DE-MD",37980,146.48
2022-07-13,"Philadelphia-Camden-Wilmington, PA-NJ-DE-MD",37980,146.33
2022-07-14,"Philadelphia-Camden-Wilmington, PA-NJ-DE-MD",37980,146.3
2022-07-15,"Philadelphia-Camden-Wilmington, PA-NJ-DE-MD",37980,146.11
2022-07-16,"Philadelphia-Camden-Wilmington, PA-NJ-DE-MD",37980,146.06
2022-07-17,"Philadelphia-Camden-Wilmington, PA-NJ-DE-MD",37980,145.93
2022-07-18,"Philadelphia-Camden-Wilmington, PA-NJ-DE-MD",37980,145.69
2022-07-19,"Philadelphia-Camden-Wilmington, PA-NJ-DE-MD",37980,145.54
2022-07-20,"Philadelphia-Camden-Wilmington, PA-NJ-DE-MD",37980,145.48
2022-07-21,"Philadelphia-Camden-Wilmington, PA-NJ-DE-MD",37980,145.22
2022-07-22,"Philadelphia-Camden-Wilmington, PA-NJ-DE-MD",37980,145.25
2022-07-23,"Philadelphia-Camden-Wilmington, PA-NJ-DE-MD",37980,145.21
2022-07-24,"Philadelphia-Camden-Wilmington, PA-NJ-DE-MD",37980,145.21
2022-07-25,"Philadelphia-Camden-Wilmington, PA-NJ-DE-MD",37980,145.25
2022-07-26,"Philadelphia-Camden-Wilmington, PA-NJ-DE-MD",37980,145.29
2022-07-27,"Philadelphia-Camden-Wilmington, PA-NJ-DE-MD",37980,145.23
2022-07-28,"Philadelphia-Camden-Wilmington, PA-NJ-DE-MD",37980,145.44
2022-07-29,"Philadelphia-Camden-Wilmington, PA-NJ-DE-MD",37980,145.38
2022-07-30,"Philadelphia-Camden-Wilmington, PA-NJ-DE-MD",37980,145.35
2022-07-31,"Philadelphia-Camden-Wilmington, PA-NJ-DE-MD",37980,145.34
2022-08-01,"Philadelphia-Camden-Wilmington, PA-NJ-DE-MD",37980,145.38
2022-08-02,"Philadelphia-Camden-Wilmington, PA-NJ-DE-MD",37980,145.29
2022-08-03,"Philadelphia-Camden-Wilmington, PA-NJ-DE-MD",37980,145.34
2022-08-04,"Philadelphia-Camden-Wilmington, PA-NJ-DE-MD",37980,145.32
2022-08-05,"Philadelphia-Camden-Wilmington, PA-NJ-DE-MD",37980,145.5
2022-08-06,"Philadelphia-Camden-Wilmington, PA-NJ-DE-MD",37980,145.69
2022-08-07,"Philadelphia-Camden-Wilmington, PA-NJ-DE-MD",37980,145.78
2022-08-08,"Philadelphia-Camden-Wilmington, PA-NJ-DE-MD",37980,145.85
2022-08-09,"Philadelphia-Camden-Wilmington, PA-NJ-DE-MD",37980,145.96
2022-08-10,"Philadelphia-Camden-Wilmington, PA-NJ-DE-MD",37980,145.95
2022-08-11,"Philadelphia-Camden-Wilmington, PA-NJ-DE-MD",37980,145.92
2022-08-12,"Philadelphia-Camden-Wilmington, PA-NJ-DE-MD",37980,145.71
2022-08-13,"Philadelphia-Camden-Wilmington, PA-NJ-DE-MD",37980,145.42
2022-08-14,"Philadelphia-Camden-Wilmington, PA-NJ-DE-MD",37980,145.23
2022-08-15,"Philadelphia-Camden-Wilmington, PA-NJ-DE-MD",37980,145.08
2022-08-16,"Philadelphia-Camden-Wilmington, PA-NJ-DE-MD",37980,144.82
2022-08-17,"Philadelphia-Camden-Wilmington, PA-NJ-DE-MD",37980,144.53
2022-08-18,"Philadelphia-Camden-Wilmington, PA-NJ-DE-MD",37980,144.16
2022-08-19,"Philadelphia-Camden-Wilmington, PA-NJ-DE-MD",37980,143.81
2022-08-20,"Philadelphia-Camden-Wilmington, PA-NJ-DE-MD",37980,143.53
2022-08-21,"Philadelphia-Camden-Wilmington, PA-NJ-DE-MD",37980,143.15
2022-08-22,"Philadelphia-Camden-Wilmington, PA-NJ-DE-MD",37980,142.78
2022-08-23,"Philadelphia-Camden-Wilmington, PA-NJ-DE-MD",37980,142.5
2022-08-24,"Philadelphia-Camden-Wilmington, PA-NJ-DE-MD",37980,142.47
2022-08-25,"Philadelphia-Camden-Wilmington, PA-NJ-DE-MD",37980,142.54
2022-08-26,"Philadelphia-Camden-Wilmington, PA-NJ-DE-MD",37980,142.59
2022-08-27,"Philadelphia-Camden-Wilmington, PA-NJ-DE-MD",37980,142.62
2022-08-28,"Philadelphia-Camden-Wilmington, PA-NJ-DE-MD",37980,142.6
2022-08-29,"Philadelphia-Camden-Wilmington, PA-NJ-DE-MD",37980,142.64
2022-08-30,"Philadelphia-Camden-Wilmington, PA-NJ-DE-MD",37980,142.73
2022-08-31,"Philadelphia-Camden-Wilmington, PA-NJ-DE-MD",37980,142.7
2022-09-01,"Philadelphia-Camden-Wilmington, PA-NJ-DE-MD",37980,142.65
2022-09-02,"Philadelphia-Camden-Wilmington, PA-NJ-DE-MD",37980,142.62
2022-09-03,"Philadelphia-Camden-Wilmington, PA-NJ-DE-MD",37980,142.63
2022-09-04,"Philadelphia-Camden-Wilmington, PA-NJ-DE-MD",37980,142.75
2022-09-05,"Philadelphia-Camden-Wilmington, PA-NJ-DE-MD",37980,142.77
2022-09-06,"Philadelphia-Camden-Wilmington, PA-NJ-DE-MD",37980,142.65
2022-09-07,"Philadelphia-Camden-Wilmington, PA-NJ-DE-MD",37980,142.4
2022-09-08,"Philadelphia-Camden-Wilmington, PA-NJ-DE-MD",37980,142.22
2022-09-09,"Philadelphia-Camden-Wilmington, PA-NJ-DE-MD",37980,142.07
2022-09-10,"Philadelphia-Camden-Wilmington, PA-NJ-DE-MD",37980,141.95
2022-09-11,"Philadelphia-Camden-Wilmington, PA-NJ-DE-MD",37980,141.74
2022-09-12,"Philadelphia-Camden-Wilmington, PA-NJ-DE-MD",37980,141.58
2022-09-13,"Philadelphia-Camden-Wilmington, PA-NJ-DE-MD",37980,141.54
2022-09-14,"Philadelphia-Camden-Wilmington, PA-NJ-DE-MD",37980,141.55
2022-09-15,"Philadelphia-Camden-Wilmington, PA-NJ-DE-MD",37980,141.5
2022-09-16,"Philadelphia-Camden-Wilmington, PA-NJ-DE-MD",37980,141.59
2022-09-17,"Philadelphia-Camden-Wilmington, PA-NJ-DE-MD",37980,141.58
2022-09-18,"Philadelphia-Camden-Wilmington, PA-NJ-DE-MD",37980,141.64
2022-09-19,"Philadelphia-Camden-Wilmington, PA-NJ-DE-MD",37980,141.56
2022-09-20,"Philadelphia-Camden-Wilmington, PA-NJ-DE-MD",37980,141.43
2022-09-21,"Philadelphia-Camden-Wilmington, PA-NJ-DE-MD",37980,141.35
2022-09-22,"Philadelphia-Camden-Wilmington, PA-NJ-DE-MD",37980,141.15
2022-09-23,"Philadelphia-Camden-Wilmington, PA-NJ-DE-MD",37980,140.92
2022-09-24,"Philadelphia-Camden-Wilmington, PA-NJ-DE-MD",37980,140.78
2022-09-25,"Philadelphia-Camden-Wilmington, PA-NJ-DE-MD",37980,140.64
2022-09-26,"Philadelphia-Camden-Wilmington, PA-NJ-DE-MD",37980,140.63
2022-09-27,"Philadelphia-Camden-Wilmington, PA-NJ-DE-MD",37980,140.64
2022-09-28,"Philadelphia-Camden-Wilmington, PA-NJ-DE-MD",37980,140.66
2022-09-29,"Philadelphia-Camden-Wilmington, PA-NJ-DE-MD",37980,140.65
2022-09-30,"Philadelphia-Camden-Wilmington, PA-NJ-DE-MD",37980,140.59
2022-10-01,"Philadelphia-Camden-Wilmington, PA-NJ-DE-MD",37980,140.56
2022-10-02,"Philadelphia-Camden-Wilmington, PA-NJ-DE-MD",37980,140.47
2022-10-03,"Philadelphia-Camden-Wilmington, PA-NJ-DE-MD",37980,140.37
2022-10-04,"Philadelphia-Camden-Wilmington, PA-NJ-DE-MD",37980,140.23
2022-10-05,"Philadelphia-Camden-Wilmington, PA-NJ-DE-MD",37980,140.11
2022-10-06,"Philadelphia-Camden-Wilmington, PA-NJ-DE-MD",37980,140.07
2022-10-07,"Philadelphia-Camden-Wilmington, PA-NJ-DE-MD",37980,139.85
2022-10-08,"Philadelphia-Camden-Wilmington, PA-NJ-DE-MD",37980,139.7
2022-10-09,"Philadelphia-Camden-Wilmington, PA-NJ-DE-MD",37980,139.65
2022-10-10,"Philadelphia-Camden-Wilmington, PA-NJ-DE-MD",37980,139.6
2022-10-11,"Philadelphia-Camden-Wilmington, PA-NJ-DE-MD",37980,139.6
2022-10-12,"Philadelphia-Camden-Wilmington, PA-NJ-DE-MD",37980,139.49
2022-10-13,"Philadelphia-Camden-Wilmington, PA-NJ-DE-MD",37980,139.43
2022-10-14,"Philadelphia-Camden-Wilmington, PA-NJ-DE-MD",37980,139.51
2022-10-15,"Philadelphia-Camden-Wilmington, PA-NJ-DE-MD",37980,139.52
2022-10-16,"Philadelphia-Camden-Wilmington, PA-NJ-DE-MD",37980,139.47
2022-10-17,"Philadelphia-Camden-Wilmington, PA-NJ-DE-MD",37980,139.42
2022-10-18,"Philadelphia-Camden-Wilmington, PA-NJ-DE-MD",37980,139.45
2022-10-19,"Philadelphia-Camden-Wilmington, PA-NJ-DE-MD",37980,139.61
2022-10-20,"Philadelphia-Camden-Wilmington, PA-NJ-DE-MD",37980,139.72
2022-10-21,"Philadelphia-Camden-Wilmington, PA-NJ-DE-MD",37980,139.84
2022-10-22,"Philadelphia-Camden-Wilmington, PA-NJ-DE-MD",37980,139.78
2022-10-23,"Philadelphia-Camden-Wilmington, PA-NJ-DE-MD",37980,139.83
2022-10-24,"Philadelphia-Camden-Wilmington, PA-NJ-DE-MD",37980,139.9
2022-10-25,"Philadelphia-Camden-Wilmington, PA-NJ-DE-MD",37980,139.91
2022-10-26,"Philadelphia-Camden-Wilmington, PA-NJ-DE-MD",37980,139.81
2022-10-27,"Philadelphia-Camden-Wilmington, PA-NJ-DE-MD",37980,139.84
2022-10-28,"Philadelphia-Camden-Wilmington, PA-NJ-DE-MD",37980,139.8
2022-10-29,"Philadelphia-Camden-Wilmington, PA-NJ-DE-MD",37980,139.94
2022-10-30,"Philadelphia-Camden-Wilmington, PA-NJ-DE-MD",37980,140.02
2022-10-31,"Philadelphia-Camden-Wilmington, PA-NJ-DE-MD",37980,140.1
2022-11-01,"Philadelphia-Camden-Wilmington, PA-NJ-DE-MD",37980,140.03
2022-11-02,"Philadelphia-Camden-Wilmington, PA-NJ-DE-MD",37980,140.09
2022-11-03,"Philadelphia-Camden-Wilmington, PA-NJ-DE-MD",37980,139.93
2022-11-04,"Philadelphia-Camden-Wilmington, PA-NJ-DE-MD",37980,139.87
2022-11-05,"Philadelphia-Camden-Wilmington, PA-NJ-DE-MD",37980,139.69
2022-11-06,"Philadelphia-Camden-Wilmington, PA-NJ-DE-MD",37980,139.5
2022-11-07,"Philadelphia-Camden-Wilmington, PA-NJ-DE-MD",37980,139.22
2022-11-08,"Philadelphia-Camden-Wilmington, PA-NJ-DE-MD",37980,139.26
2022-11-09,"Philadelphia-Camden-Wilmington, PA-NJ-DE-MD",37980,139.11
2022-11-10,"Philadelphia-Camden-Wilmington, PA-NJ-DE-MD",37980,139.08
2022-11-11,"Philadelphia-Camden-Wilmington, PA-NJ-DE-MD",37980,138.95
2022-11-12,"Philadelphia-Camden-Wilmington, PA-NJ-DE-MD",37980,138.9
2022-11-13,"Philadelphia-Camden-Wilmington, PA-NJ-DE-MD",37980,138.79
2022-11-14,"Philadelphia-Camden-Wilmington, PA-NJ-DE-MD",37980,138.82
2022-11-15,"Philadelphia-Camden-Wilmington, PA-NJ-DE-MD",37980,138.74
2022-11-16,"Philadelphia-Camden-Wilmington, PA-NJ-DE-MD",37980,138.82
2022-11-17,"Philadelphia-Camden-Wilmington, PA-NJ-DE-MD",37980,138.91
2022-11-18,"Philadelphia-Camden-Wilmington, PA-NJ-DE-MD",37980,138.86
2022-11-19,"Philadelphia-Camden-Wilmington, PA-NJ-DE-MD",37980,138.85
2022-11-20,"Philadelphia-Camden-Wilmington, PA-NJ-DE-MD",37980,138.85
2022-11-21,"Philadelphia-Camden-Wilmington, PA-NJ-DE-MD",37980,138.68
2022-11-22,"Philadelphia-Camden-Wilmington, PA-NJ-DE-MD",37980,138.6
2022-11-23,"Philadelphia-Camden-Wilmington, PA-NJ-DE-MD",37980,138.33
2022-11-24,"Philadelphia-Camden-Wilmington, PA-NJ-DE-MD",37980,138.14
2022-11-25,"Philadelphia-Camden-Wilmington, PA-NJ-DE-MD",37980,138.04
2022-11-26,"Philadelphia-Camden-Wilmington, PA-NJ-DE-MD",37980,137.86
2022-11-27,"Philadelphia-Camden-Wilmington, PA-NJ-DE-MD",37980,137.66
2022-11-28,"Philadelphia-Camden-Wilmington, PA-NJ-DE-MD",37980,137.67
2022-11-29,"Philadelphia-Camden-Wilmington, PA-NJ-DE-MD",37980,137.6
2022-11-30,"Philadelphia-Camden-Wilmington, PA-NJ-DE-MD",37980,137.57
2022-12-01,"Philadelphia-Camden-Wilmington, PA-NJ-DE-MD",37980,137.38
2022-12-02,"Philadelphia-Camden-Wilmington, PA-NJ-DE-MD",37980,137.2
2022-12-03,"Philadelphia-Camden-Wilmington, PA-NJ-DE-MD",37980,137.17
2022-12-04,"Philadelphia-Camden-Wilmington, PA-NJ-DE-MD",37980,137.12
2022-12-05,"Philadelphia-Camden-Wilmington, PA-NJ-DE-MD",37980,137.04
2022-12-06,"Philadelphia-Camden-Wilmington, PA-NJ-DE-MD",37980,136.84
2022-12-07,"Philadelphia-Camden-Wilmington, PA-NJ-DE-MD",37980,136.57
2022-12-08,"Philadelphia-Camden-Wilmington, PA-NJ-DE-MD",37980,136.48
2022-12-09,"Philadelphia-Camden-Wilmington, PA-NJ-DE-MD",37980,136.6
2022-12-10,"Philadelphia-Camden-Wilmington, PA-NJ-DE-MD",37980,136.46
2022-12-11,"Philadelphia-Camden-Wilmington, PA-NJ-DE-MD",37980,136.43
2022-12-12,"Philadelphia-Camden-Wilmington, PA-NJ-DE-MD",37980,136.34
2022-12-13,"Philadelphia-Camden-Wilmington, PA-NJ-DE-MD",37980,136.36
2022-12-14,"Philadelphia-Camden-Wilmington, PA-NJ-DE-MD",37980,136.59
2022-12-15,"Philadelphia-Camden-Wilmington, PA-NJ-DE-MD",37980,136.75
2022-12-16,"Philadelphia-Camden-Wilmington, PA-NJ-DE-MD",37980,136.61
2022-12-17,"Philadelphia-Camden-Wilmington, PA-NJ-DE-MD",37980,136.61
2022-12-18,"Philadelphia-Camden-Wilmington, PA-NJ-DE-MD",37980,136.54
2022-12-19,"Philadelphia-Camden-Wilmington, PA-NJ-DE-MD",37980,136.47
2022-12-20,"Philadelphia-Camden-Wilmington, PA-NJ-DE-MD",37980,136.32
2022-12-21,"Philadelphia-Camden-Wilmington, PA-NJ-DE-MD",37980,136.14
2022-12-22,"Philadelphia-Camden-Wilmington, PA-NJ-DE-MD",37980,135.87
2022-12-23,"Philadelphia-Camden-Wilmington, PA-NJ-DE-MD",37980,135.61
2022-12-24,"Philadelphia-Camden-Wilmington, PA-NJ-DE-MD",37980,135.37
2022-12-25,"Philadelphia-Camden-Wilmington, PA-NJ-DE-MD",37980,135.13
2022-12-26,"Philadelphia-Camden-Wilmington, PA-NJ-DE-MD",37980,134.98
2022-12-27,"Philadelphia-Camden-Wilmington, PA-NJ-DE-MD",37980,134.84
2022-12-28,"Philadelphia-Camden-Wilmington, PA-NJ-DE-MD",37980,134.6
2022-12-29,"Philadelphia-Camden-Wilmington, PA-NJ-DE-MD",37980,134.47
2022-12-30,"Philadelphia-Camden-Wilmington, PA-NJ-DE-MD",37980,134.45
2022-12-31,"Philadelphia-Camden-Wilmington, PA-NJ-DE-MD",37980,134.38
2023-01-01,"Philadelphia-Camden-Wilmington, PA-NJ-DE-MD",37980,134.22
2023-01-02,"Philadelphia-Camden-Wilmington, PA-NJ-DE-MD",37980,134.06
2023-01-03,"Philadelphia-Camden-Wilmington, PA-NJ-DE-MD",37980,133.85
2023-01-04,"Philadelphia-Camden-Wilmington, PA-NJ-DE-MD",37980,133.56
2023-01-05,"Philadelphia-Camden-Wilmington, PA-NJ-DE-MD",37980,133.22
2023-01-06,"Philadelphia-Camden-Wilmington, PA-NJ-DE-MD",37980,133.01
2023-01-07,"Philadelphia-Camden-Wilmington, PA-NJ-DE-MD",37980,132.82
2023-01-08,"Philadelphia-Camden-Wilmington, PA-NJ-DE-MD",37980,132.87
2023-01-09,"Philadelphia-Camden-Wilmington, PA-NJ-DE-MD",37980,132.77
2023-01-10,"Philadelphia-Camden-Wilmington, PA-NJ-DE-MD",37980,132.73
2023-01-11,"Philadelphia-Camden-Wilmington, PA-NJ-DE-MD",37980,132.85
2023-01-12,"Philadelphia-Camden-Wilmington, PA-NJ-DE-MD",37980,132.95
2023-01-13,"Philadelphia-Camden-Wilmington, PA-NJ-DE-MD",37980,132.99
2023-01-14,"Philadelphia-Camden-Wilmington, PA-NJ-DE-MD",37980,132.9
2023-01-15,"Philadelphia-Camden-Wilmington, PA-NJ-DE-MD",37980,132.67
2023-01-16,"Philadelphia-Camden-Wilmington, PA-NJ-DE-MD",37980,132.54
2023-01-17,"Philadelphia-Camden-Wilmington, PA-NJ-DE-MD",37980,132.34
2023-01-18,"Philadelphia-Camden-Wilmington, PA-NJ-DE-MD",37980,132.13
2023-01-19,"Philadelphia-Camden-Wilmington, PA-NJ-DE-MD",37980,131.99
2023-01-20,"Philadelphia-Camden-Wilmington, PA-NJ-DE-MD",37980,131.81
2023-01-21,"Philadelphia-Camden-Wilmington, PA-NJ-DE-MD",37980,131.65
2023-01-22,"Philadelphia-Camden-Wilmington, PA-NJ-DE-MD",37980,131.51
2023-01-23,"Philadelphia-Camden-Wilmington, PA-NJ-DE-MD",37980,131.33
2023-01-24,"Philadelphia-Camden-Wilmington, PA-NJ-DE-MD",37980,131.2
2023-01-25,"Philadelphia-Camden-Wilmington, PA-NJ-DE-MD",37980,131.03
2023-01-26,"Philadelphia-Camden-Wilmington, PA-NJ-DE-MD",37980,130.8
2023-01-27,"Philadelphia-Camden-Wilmington, PA-NJ-DE-MD",37980,130.63
2023-01-28,"Philadelphia-Camden-Wilmington, PA-NJ-DE-MD",37980,130.59
2023-01-29,"Philadelphia-Camden-Wilmington, PA-NJ-DE-MD",37980,130.5
2023-01-30,"Philadelphia-Camden-Wilmington, PA-NJ-DE-MD",37980,130.39
2023-01-31,"Philadelphia-Camden-Wilmington, PA-NJ-DE-MD",37980,130.27
2023-02-01,"Philadelphia-Camden-Wilmington, PA-NJ-DE-MD",37980,130.19
2023-02-02,"Philadelphia-Camden-Wilmington, PA-NJ-DE-MD",37980,129.99
2023-02-03,"Philadelphia-Camden-Wilmington, PA-NJ-DE-MD",37980,129.75
2023-02-04,"Philadelphia-Camden-Wilmington, PA-NJ-DE-MD",37980,129.46
2023-02-05,"Philadelphia-Camden-Wilmington, PA-NJ-DE-MD",37980,129.19
2023-02-06,"Philadelphia-Camden-Wilmington, PA-NJ-DE-MD",37980,128.93
2023-02-07,"Philadelphia-Camden-Wilmington, PA-NJ-DE-MD",37980,128.59
2023-02-08,"Philadelphia-Camden-Wilmington, PA-NJ-DE-MD",37980,128.19
2023-02-09,"Philadelphia-Camden-Wilmington, PA-NJ-DE-MD",37980,128.03
2023-02-10,"Philadelphia-Camden-Wilmington, PA-NJ-DE-MD",37980,127.8
2023-02-11,"Philadelphia-Camden-Wilmington, PA-NJ-DE-MD",37980,127.6
2023-02-12,"Philadelphia-Camden-Wilmington, PA-NJ-DE-MD",37980,127.38
2023-02-13,"Philadelphia-Camden-Wilmington, PA-NJ-DE-MD",37980,127.21
2023-02-14,"Philadelphia-Camden-Wilmington, PA-NJ-DE-MD",37980,127.09
2023-02-15,"Philadelphia-Camden-Wilmington, PA-NJ-DE-MD",37980,127.11
2023-02-16,"Philadelphia-Camden-Wilmington, PA-NJ-DE-MD",37980,127.03
2023-02-17,"Philadelphia-Camden-Wilmington, PA-NJ-DE-MD",37980,127.03
2023-02-18,"Philadelphia-Camden-Wilmington, PA-NJ-DE-MD",37980,126.76
2023-02-19,"Philadelphia-Camden-Wilmington, PA-NJ-DE-MD",37980,126.71
2023-02-20,"Philadelphia-Camden-Wilmington, PA-NJ-DE-MD",37980,126.68
2023-02-21,"Philadelphia-Camden-Wilmington, PA-NJ-DE-MD",37980,126.65
2023-02-22,"Philadelphia-Camden-Wilmington, PA-NJ-DE-MD",37980,126.54
2023-02-23,"Philadelphia-Camden-Wilmington, PA-NJ-DE-MD",37980,126.55
2023-02-24,"Philadelphia-Camden-Wilmington, PA-NJ-DE-MD",37980,126.39
2023-02-25,"Philadelphia-Camden-Wilmington, PA-NJ-DE-MD",37980,126.45
2023-02-26,"Philadelphia-Camden-Wilmington, PA-NJ-DE-MD",37980,126.34
2023-02-27,"Philadelphia-Camden-Wilmington, PA-NJ-DE-MD",37980,126.13
2023-02-28,"Philadelphia-Camden-Wilmington, PA-NJ-DE-MD",37980,125.93
2023-03-01,"Philadelphia-Camden-Wilmington, PA-NJ-DE-MD",37980,125.47
2023-03-02,"Philadelphia-Camden-Wilmington, PA-NJ-DE-MD",37980,125.07
2023-03-03,"Philadelphia-Camden-Wilmington, PA-NJ-DE-MD",37980,124.85
2023-03-04,"Philadelphia-Camden-Wilmington, PA-NJ-DE-MD",37980,124.73
2023-03-05,"Philadelphia-Camden-Wilmington, PA-NJ-DE-MD",37980,124.65
2023-03-06,"Philadelphia-Camden-Wilmington, PA-NJ-DE-MD",37980,124.65
2023-03-07,"Philadelphia-Camden-Wilmington, PA-NJ-DE-MD",37980,124.43
2023-03-08,"Philadelphia-Camden-Wilmington, PA-NJ-DE-MD",37980,124.42
2023-03-09,"Philadelphia-Camden-Wilmington, PA-NJ-DE-MD",37980,124.31
2023-03-10,"Philadelphia-Camden-Wilmington, PA-NJ-DE-MD",37980,124.51
2023-03-11,"Philadelphia-Camden-Wilmington, PA-NJ-DE-MD",37980,124.7
2023-03-12,"Philadelphia-Camden-Wilmington, PA-NJ-DE-MD",37980,124.77
2023-03-13,"Philadelphia-Camden-Wilmington, PA-NJ-DE-MD",37980,124.79
2023-03-14,"Philadelphia-Camden-Wilmington, PA-NJ-DE-MD",37980,125.06
2023-03-15,"Philadelphia-Camden-Wilmington, PA-NJ-DE-MD",37980,125.47
2023-03-16,"Philadelphia-Camden-Wilmington, PA-NJ-DE-MD",37980,125.8
2023-03-17,"Philadelphia-Camden-Wilmington, PA-NJ-DE-MD",37980,125.84
2023-03-18,"Philadelphia-Camden-Wilmington, PA-NJ-DE-MD",37980,125.79
2023-03-19,"Philadelphia-Camden-Wilmington, PA-NJ-DE-MD",37980,125.73
2023-03-20,"Philadelphia-Camden-Wilmington, PA-NJ-DE-MD",37980,125.72
2023-03-21,"Philadelphia-Camden-Wilmington, PA-NJ-DE-MD",37980,125.67
2023-03-22,"Philadelphia-Camden-Wilmington, PA-NJ-DE-MD",37980,125.55
2023-03-23,"Philadelphia-Camden-Wilmington, PA-NJ-DE-MD",37980,125.4
2023-03-24,"Philadelphia-Camden-Wilmington, PA-NJ-DE-MD",37980,125.25
2023-03-25,"Philadelphia-Camden-Wilmington, PA-NJ-DE-MD",37980,125.07
2023-03-26,"Philadelphia-Camden-Wilmington, PA-NJ-DE-MD",37980,125
2023-03-27,"Philadelphia-Camden-Wilmington, PA-NJ-DE-MD",37980,124.93
2023-03-28,"Philadelphia-Camden-Wilmington, PA-NJ-DE-MD",37980,124.89
2023-03-29,"Philadelphia-Camden-Wilmington, PA-NJ-DE-MD",37980,124.82
2023-03-30,"Philadelphia-Camden-Wilmington, PA-NJ-DE-MD",37980,124.84
2023-03-31,"Philadelphia-Camden-Wilmington, PA-NJ-DE-MD",37980,124.93
2023-04-01,"Philadelphia-Camden-Wilmington, PA-NJ-DE-MD",37980,125.01
2023-04-02,"Philadelphia-Camden-Wilmington, PA-NJ-DE-MD",37980,125.06
2023-04-03,"Philadelphia-Camden-Wilmington, PA-NJ-DE-MD",37980,124.98
2023-04-04,"Philadelphia-Camden-Wilmington, PA-NJ-DE-MD",37980,125.03
2023-04-05,"Philadelphia-Camden-Wilmington, PA-NJ-DE-MD",37980,125.12
2023-04-06,"Philadelphia-Camden-Wilmington, PA-NJ-DE-MD",37980,125.22
2023-04-07,"Philadelphia-Camden-Wilmington, PA-NJ-DE-MD",37980,125.15
2023-04-08,"Philadelphia-Camden-Wilmington, PA-NJ-DE-MD",37980,125.09
2023-04-09,"Philadelphia-Camden-Wilmington, PA-NJ-DE-MD",37980,124.96
2023-04-10,"Philadelphia-Camden-Wilmington, PA-NJ-DE-MD",37980,124.9
2023-04-11,"Philadelphia-Camden-Wilmington, PA-NJ-DE-MD",37980,124.75
2023-04-12,"Philadelphia-Camden-Wilmington, PA-NJ-DE-MD",37980,124.61
2023-04-13,"Philadelphia-Camden-Wilmington, PA-NJ-DE-MD",37980,124.4
2023-04-14,"Philadelphia-Camden-Wilmington, PA-NJ-DE-MD",37980,124.2
2023-04-15,"Philadelphia-Camden-Wilmington, PA-NJ-DE-MD",37980,123.98
2023-04-16,"Philadelphia-Camden-Wilmington, PA-NJ-DE-MD",37980,123.97
2023-04-17,"Philadelphia-Camden-Wilmington, PA-NJ-DE-MD",37980,123.97
2023-04-18,"Philadelphia-Camden-Wilmington, PA-NJ-DE-MD",37980,123.93
2023-04-19,"Philadelphia-Camden-Wilmington, PA-NJ-DE-MD",37980,123.59
2023-04-20,"Philadelphia-Camden-Wilmington, PA-NJ-DE-MD",37980,123.5
2023-04-21,"Philadelphia-Camden-Wilmington, PA-NJ-DE-MD",37980,123.47
2023-04-22,"Philadelphia-Camden-Wilmington, PA-NJ-DE-MD",37980,123.54
2023-04-23,"Philadelphia-Camden-Wilmington, PA-NJ-DE-MD",37980,123.43
2023-04-24,"Philadelphia-Camden-Wilmington, PA-NJ-DE-MD",37980,123.33
2023-04-25,"Philadelphia-Camden-Wilmington, PA-NJ-DE-MD",37980,123.21
2023-04-26,"Philadelphia-Camden-Wilmington, PA-NJ-DE-MD",37980,123.36
2023-04-27,"Philadelphia-Camden-Wilmington, PA-NJ-DE-MD",37980,123.21
2023-04-28,"Philadelphia-Camden-Wilmington, PA-NJ-DE-MD",37980,123.14
2023-04-29,"Philadelphia-Camden-Wilmington, PA-NJ-DE-MD",37980,123.03
2023-04-30,"Philadelphia-Camden-Wilmington, PA-NJ-DE-MD",37980,122.94
2023-05-01,"Philadelphia-Camden-Wilmington, PA-NJ-DE-MD",37980,122.85
2023-05-02,"Philadelphia-Camden-Wilmington, PA-NJ-DE-MD",37980,122.77
2023-05-03,"Philadelphia-Camden-Wilmington, PA-NJ-DE-MD",37980,122.53
2023-05-04,"Philadelphia-Camden-Wilmington, PA-NJ-DE-MD",37980,122.32
2023-05-05,"Philadelphia-Camden-Wilmington, PA-NJ-DE-MD",37980,122.21
2023-05-06,"Philadelphia-Camden-Wilmington, PA-NJ-DE-MD",37980,122.06
2023-05-07,"Philadelphia-Camden-Wilmington, PA-NJ-DE-MD",37980,121.86
2023-05-08,"Philadelphia-Camden-Wilmington, PA-NJ-DE-MD",37980,121.69
2023-05-09,"Philadelphia-Camden-Wilmington, PA-NJ-DE-MD",37980,121.56
2023-05-10,"Philadelphia-Camden-Wilmington, PA-NJ-DE-MD",37980,121.53
2023-05-11,"Philadelphia-Camden-Wilmington, PA-NJ-DE-MD",37980,121.58
2023-05-12,"Philadelphia-Camden-Wilmington, PA-NJ-DE-MD",37980,120.77
2023-05-13,"Philadelphia-Camden-Wilmington, PA-NJ-DE-MD",37980,120.59
2023-05-14,"Philadelphia-Camden-Wilmington, PA-NJ-DE-MD",37980,120.51
2023-05-15,"Philadelphia-Camden-Wilmington, PA-NJ-DE-MD",37980,120.34
2023-05-16,"Philadelphia-Camden-Wilmington, PA-NJ-DE-MD",37980,120.12
2023-05-17,"Philadelphia-Camden-Wilmington, PA-NJ-DE-MD",37980,120.04
2023-05-18,"Philadelphia-Camden-Wilmington, PA-NJ-DE-MD",37980,119.94
2023-05-19,"Philadelphia-Camden-Wilmington, PA-NJ-DE-MD",37980,120.52
2023-05-20,"Philadelphia-Camden-Wilmington, PA-NJ-DE-MD",37980,120.53
2023-05-21,"Philadelphia-Camden-Wilmington, PA-NJ-DE-MD",37980,120.48
2023-05-22,"Philadelphia-Camden-Wilmington, PA-NJ-DE-MD",37980,120.56
2023-05-23,"Philadelphia-Camden-Wilmington, PA-NJ-DE-MD",37980,120.57
2023-05-24,"Philadelphia-Camden-Wilmington, PA-NJ-DE-MD",37980,120.5
2023-05-25,"Philadelphia-Camden-Wilmington, PA-NJ-DE-MD",37980,120.35
2023-05-26,"Philadelphia-Camden-Wilmington, PA-NJ-DE-MD",37980,120.15
2023-05-27,"Philadelphia-Camden-Wilmington, PA-NJ-DE-MD",37980,119.92
2023-05-28,"Philadelphia-Camden-Wilmington, PA-NJ-DE-MD",37980,119.7
2023-05-29,"Philadelphia-Camden-Wilmington, PA-NJ-DE-MD",37980,119.41
2023-05-30,"Philadelphia-Camden-Wilmington, PA-NJ-DE-MD",37980,119.3
2023-05-31,"Philadelphia-Camden-Wilmington, PA-NJ-DE-MD",37980,118.95
2023-06-01,"Philadelphia-Camden-Wilmington, PA-NJ-DE-MD",37980,118.73
2023-06-02,"Philadelphia-Camden-Wilmington, PA-NJ-DE-MD",37980,118.68
2023-06-03,"Philadelphia-Camden-Wilmington, PA-NJ-DE-MD",37980,118.58
2023-06-04,"Philadelphia-Camden-Wilmington, PA-NJ-DE-MD",37980,118.39
2023-06-05,"Philadelphia-Camden-Wilmington, PA-NJ-DE-MD",37980,118.2
2023-06-06,"Philadelphia-Camden-Wilmington, PA-NJ-DE-MD",37980,118
2023-06-07,"Philadelphia-Camden-Wilmington, PA-NJ-DE-MD",37980,117.85
2023-06-08,"Philadelphia-Camden-Wilmington, PA-NJ-DE-MD",37980,117.76
2023-06-09,"Philadelphia-Camden-Wilmington, PA-NJ-DE-MD",37980,117.52
2023-06-10,"Philadelphia-Camden-Wilmington, PA-NJ-DE-MD",37980,117.2
2023-06-11,"Philadelphia-Camden-Wilmington, PA-NJ-DE-MD",37980,117.05
2023-06-12,"Philadelphia-Camden-Wilmington, PA-NJ-DE-MD",37980,116.93
2023-06-13,"Philadelphia-Camden-Wilmington, PA-NJ-DE-MD",37980,116.84
2023-06-14,"Philadelphia-Camden-Wilmington, PA-NJ-DE-MD",37980,116.83
2023-06-15,"Philadelphia-Camden-Wilmington, PA-NJ-DE-MD",37980,116.68
2023-06-16,"Philadelphia-Camden-Wilmington, PA-NJ-DE-MD",37980,116.44
2023-06-17,"Philadelphia-Camden-Wilmington, PA-NJ-DE-MD",37980,116.33
2023-06-18,"Philadelphia-Camden-Wilmington, PA-NJ-DE-MD",37980,116.22
2023-06-19,"Philadelphia-Camden-Wilmington, PA-NJ-DE-MD",37980,116.08
2023-06-20,"Philadelphia-Camden-Wilmington, PA-NJ-DE-MD",37980,115.77
2023-06-21,"Philadelphia-Camden-Wilmington, PA-NJ-DE-MD",37980,115.4
2023-06-22,"Philadelphia-Camden-Wilmington, PA-NJ-DE-MD",37980,115.16
2023-06-23,"Philadelphia-Camden-Wilmington, PA-NJ-DE-MD",37980,114.99
2023-06-24,"Philadelphia-Camden-Wilmington, PA-NJ-DE-MD",37980,115.04
2023-06-25,"Philadelphia-Camden-Wilmington, PA-NJ-DE-MD",37980,115.07
2023-06-26,"Philadelphia-Camden-Wilmington, PA-NJ-DE-MD",37980,115.04
2023-06-27,"Philadelphia-Camden-Wilmington, PA-NJ-DE-MD",37980,115.18
2023-06-28,"Philadelphia-Camden-Wilmington, PA-NJ-DE-MD",37980,115.37
2023-06-29,"Philadelphia-Camden-Wilmington, PA-NJ-DE-MD",37980,115.53
2023-06-30,"Philadelphia-Camden-Wilmington, PA-NJ-DE-MD",37980,115.65
2023-07-01,"Philadelphia-Camden-Wilmington, PA-NJ-DE-MD",37980,115.5
2023-07-02,"Philadelphia-Camden-Wilmington, PA-NJ-DE-MD",37980,115.25
2023-07-03,"Philadelphia-Camden-Wilmington, PA-NJ-DE-MD",37980,115.03
2023-07-04,"Philadelphia-Camden-Wilmington, PA-NJ-DE-MD",37980,114.83
2023-07-05,"Philadelphia-Camden-Wilmington, PA-NJ-DE-MD",37980,114.79
2023-07-06,"Philadelphia-Camden-Wilmington, PA-NJ-DE-MD",37980,114.59
2023-07-07,"Philadelphia-Camden-Wilmington, PA-NJ-DE-MD",37980,114.36
2023-07-08,"Philadelphia-Camden-Wilmington, PA-NJ-DE-MD",37980,114.47
2023-07-09,"Philadelphia-Camden-Wilmington, PA-NJ-DE-MD",37980,114.58
2023-07-10,"Philadelphia-Camden-Wilmington, PA-NJ-DE-MD",37980,114.64
2023-07-11,"Philadelphia-Camden-Wilmington, PA-NJ-DE-MD",37980,114.65
2023-07-12,"Philadelphia-Camden-Wilmington, PA-NJ-DE-MD",37980,114.56
2023-07-13,"Philadelphia-Camden-Wilmington, PA-NJ-DE-MD",37980,114.58
2023-07-14,"Philadelphia-Camden-Wilmington, PA-NJ-DE-MD",37980,114.74
2023-07-15,"Philadelphia-Camden-Wilmington, PA-NJ-DE-MD",37980,114.61
2023-07-16,"Philadelphia-Camden-Wilmington, PA-NJ-DE-MD",37980,114.49
2023-07-17,"Philadelphia-Camden-Wilmington, PA-NJ-DE-MD",37980,114.41
2023-07-18,"Philadelphia-Camden-Wilmington, PA-NJ-DE-MD",37980,114.35
2023-07-19,"Philadelphia-Camden-Wilmington, PA-NJ-DE-MD",37980,114.31
2023-07-20,"Philadelphia-Camden-Wilmington, PA-NJ-DE-MD",37980,114.24
2023-07-21,"Philadelphia-Camden-Wilmington, PA-NJ-DE-MD",37980,114.21
2023-07-22,"Philadelphia-Camden-Wilmington, PA-NJ-DE-MD",37980,113.99
2023-07-23,"Philadelphia-Camden-Wilmington, PA-NJ-DE-MD",37980,114
2023-07-24,"Philadelphia-Camden-Wilmington, PA-NJ-DE-MD",37980,114.04
2023-07-25,"Philadelphia-Camden-Wilmington, PA-NJ-DE-MD",37980,114.04
2023-07-26,"Philadelphia-Camden-Wilmington, PA-NJ-DE-MD",37980,114.06
2023-07-27,"Philadelphia-Camden-Wilmington, PA-NJ-DE-MD",37980,114.08
2023-07-28,"Philadelphia-Camden-Wilmington, PA-NJ-DE-MD",37980,114.03
2023-07-29,"Philadelphia-Camden-Wilmington, PA-NJ-DE-MD",37980,114.17
2023-07-30,"Philadelphia-Camden-Wilmington, PA-NJ-DE-MD",37980,114.1
2023-07-31,"Philadelphia-Camden-Wilmington, PA-NJ-DE-MD",37980,114.02
2023-08-01,"Philadelphia-Camden-Wilmington, PA-NJ-DE-MD",37980,113.92
2023-08-02,"Philadelphia-Camden-Wilmington, PA-NJ-DE-MD",37980,113.79
2023-08-03,"Philadelphia-Camden-Wilmington, PA-NJ-DE-MD",37980,113.53
2023-08-04,"Philadelphia-Camden-Wilmington, PA-NJ-DE-MD",37980,113.46
2023-08-05,"Philadelphia-Camden-Wilmington, PA-NJ-DE-MD",37980,113.42
2023-08-06,"Philadelphia-Camden-Wilmington, PA-NJ-DE-MD",37980,113.35
2023-08-07,"Philadelphia-Camden-Wilmington, PA-NJ-DE-MD",37980,113.07
2023-08-08,"Philadelphia-Camden-Wilmington, PA-NJ-DE-MD",37980,112.99
2023-08-09,"Philadelphia-Camden-Wilmington, PA-NJ-DE-MD",37980,112.95
2023-08-10,"Philadelphia-Camden-Wilmington, PA-NJ-DE-MD",37980,113.1
2023-08-11,"Philadelphia-Camden-Wilmington, PA-NJ-DE-MD",37980,113.06
2023-08-12,"Philadelphia-Camden-Wilmington, PA-NJ-DE-MD",37980,112.87
2023-08-13,"Philadelphia-Camden-Wilmington, PA-NJ-DE-MD",37980,112.79
2023-08-14,"Philadelphia-Camden-Wilmington, PA-NJ-DE-MD",37980,112.93
2023-08-15,"Philadelphia-Camden-Wilmington, PA-NJ-DE-MD",37980,112.89
2023-08-16,"Philadelphia-Camden-Wilmington, PA-NJ-DE-MD",37980,112.72
2023-08-17,"Philadelphia-Camden-Wilmington, PA-NJ-DE-MD",37980,112.59
2023-08-18,"Philadelphia-Camden-Wilmington, PA-NJ-DE-MD",37980,112.5
2023-08-19,"Philadelphia-Camden-Wilmington, PA-NJ-DE-MD",37980,112.55
2023-08-20,"Philadelphia-Camden-Wilmington, PA-NJ-DE-MD",37980,112.56
2023-08-21,"Philadelphia-Camden-Wilmington, PA-NJ-DE-MD",37980,112.6
2023-08-22,"Philadelphia-Camden-Wilmington, PA-NJ-DE-MD",37980,112.45
2023-08-23,"Philadelphia-Camden-Wilmington, PA-NJ-DE-MD",37980,112.33
2023-08-24,"Philadelphia-Camden-Wilmington, PA-NJ-DE-MD",37980,112.21
2023-08-25,"Philadelphia-Camden-Wilmington, PA-NJ-DE-MD",37980,112.06
2023-08-26,"Philadelphia-Camden-Wilmington, PA-NJ-DE-MD",37980,111.9
2023-08-27,"Philadelphia-Camden-Wilmington, PA-NJ-DE-MD",37980,111.7
2023-08-28,"Philadelphia-Camden-Wilmington, PA-NJ-DE-MD",37980,111.46
2023-08-29,"Philadelphia-Camden-Wilmington, PA-NJ-DE-MD",37980,111.39
2023-08-30,"Philadelphia-Camden-Wilmington, PA-NJ-DE-MD",37980,111.41
2023-08-31,"Philadelphia-Camden-Wilmington, PA-NJ-DE-MD",37980,111.32
2023-09-01,"Philadelphia-Camden-Wilmington, PA-NJ-DE-MD",37980,111.22
2023-09-02,"Philadelphia-Camden-Wilmington, PA-NJ-DE-MD",37980,111.18
2023-09-03,"Philadelphia-Camden-Wilmington, PA-NJ-DE-MD",37980,111.12
2023-09-04,"Philadelphia-Camden-Wilmington, PA-NJ-DE-MD",37980,111.11
2023-09-05,"Philadelphia-Camden-Wilmington, PA-NJ-DE-MD",37980,111.1
2023-09-06,"Philadelphia-Camden-Wilmington, PA-NJ-DE-MD",37980,111.12
2023-09-07,"Philadelphia-Camden-Wilmington, PA-NJ-DE-MD",37980,111.04
2023-09-08,"Philadelphia-Camden-Wilmington, PA-NJ-DE-MD",37980,111.09
2023-09-09,"Philadelphia-Camden-Wilmington, PA-NJ-DE-MD",37980,111.1
2023-09-10,"Philadelphia-Camden-Wilmington, PA-NJ-DE-MD",37980,111.2
2023-09-11,"Philadelphia-Camden-Wilmington, PA-NJ-DE-MD",37980,111.27
2023-09-12,"Philadelphia-Camden-Wilmington, PA-NJ-DE-MD",37980,111.31
2023-09-13,"Philadelphia-Camden-Wilmington, PA-NJ-DE-MD",37980,111.22
2023-09-14,"Philadelphia-Camden-Wilmington, PA-NJ-DE-MD",37980,111.18
2023-09-15,"Philadelphia-Camden-Wilmington, PA-NJ-DE-MD",37980,111.05
2023-09-16,"Philadelphia-Camden-Wilmington, PA-NJ-DE-MD",37980,110.9
2023-09-17,"Philadelphia-Camden-Wilmington, PA-NJ-DE-MD",37980,110.71
2023-09-18,"Philadelphia-Camden-Wilmington, PA-NJ-DE-MD",37980,110.4
2023-09-19,"Philadelphia-Camden-Wilmington, PA-NJ-DE-MD",37980,110.28
2023-09-20,"Philadelphia-Camden-Wilmington, PA-NJ-DE-MD",37980,110.32
2023-09-21,"Philadelphia-Camden-Wilmington, PA-NJ-DE-MD",37980,110.48
2023-09-22,"Philadelphia-Camden-Wilmington, PA-NJ-DE-MD",37980,110.54
2023-09-23,"Philadelphia-Camden-Wilmington, PA-NJ-DE-MD",37980,110.61
2023-09-24,"Philadelphia-Camden-Wilmington, PA-NJ-DE-MD",37980,110.6
2023-09-25,"Philadelphia-Camden-Wilmington, PA-NJ-DE-MD",37980,110.76
2023-09-26,"Philadelphia-Camden-Wilmington, PA-NJ-DE-MD",37980,110.79
2023-09-27,"Philadelphia-Camden-Wilmington, PA-NJ-DE-MD",37980,110.72
2023-09-28,"Philadelphia-Camden-Wilmington, PA-NJ-DE-MD",37980,110.55
2023-09-29,"Philadelphia-Camden-Wilmington, PA-NJ-DE-MD",37980,110.49
2023-09-30,"Philadelphia-Camden-Wilmington, PA-NJ-DE-MD",37980,110.34
2023-10-01,"Philadelphia-Camden-Wilmington, PA-NJ-DE-MD",37980,110.32
2023-10-02,"Philadelphia-Camden-Wilmington, PA-NJ-DE-MD",37980,110.24
2023-10-03,"Philadelphia-Camden-Wilmington, PA-NJ-DE-MD",37980,110.19
2023-10-04,"Philadelphia-Camden-Wilmington, PA-NJ-DE-MD",37980,110.17
2023-10-05,"Philadelphia-Camden-Wilmington, PA-NJ-DE-MD",37980,110.13
2023-10-06,"Philadelphia-Camden-Wilmington, PA-NJ-DE-MD",37980,110.08
2023-10-07,"Philadelphia-Camden-Wilmington, PA-NJ-DE-MD",37980,110.01
2023-10-08,"Philadelphia-Camden-Wilmington, PA-NJ-DE-MD",37980,109.94
2023-10-09,"Philadelphia-Camden-Wilmington, PA-NJ-DE-MD",37980,109.93
2023-10-10,"Philadelphia-Camden-Wilmington, PA-NJ-DE-MD",37980,109.87
2023-10-11,"Philadelphia-Camden-Wilmington, PA-NJ-DE-MD",37980,109.81
2023-10-12,"Philadelphia-Camden-Wilmington, PA-NJ-DE-MD",37980,109.79
2023-10-13,"Philadelphia-Camden-Wilmington, PA-NJ-DE-MD",37980,109.69
2023-10-14,"Philadelphia-Camden-Wilmington, PA-NJ-DE-MD",37980,109.71
2023-10-15,"Philadelphia-Camden-Wilmington, PA-NJ-DE-MD",37980,109.72
2023-10-16,"Philadelphia-Camden-Wilmington, PA-NJ-DE-MD",37980,109.61
2023-10-17,"Philadelphia-Camden-Wilmington, PA-NJ-DE-MD",37980,109.57
2023-10-18,"Philadelphia-Camden-Wilmington, PA-NJ-DE-MD",37980,109.54
2023-10-19,"Philadelphia-Camden-Wilmington, PA-NJ-DE-MD",37980,109.65
2023-10-20,"Philadelphia-Camden-Wilmington, PA-NJ-DE-MD",37980,109.68
2023-10-21,"Philadelphia-Camden-Wilmington, PA-NJ-DE-MD",37980,109.56
2023-10-22,"Philadelphia-Camden-Wilmington, PA-NJ-DE-MD",37980,109.61
2023-10-23,"Philadelphia-Camden-Wilmington, PA-NJ-DE-MD",37980,109.65
2023-10-24,"Philadelphia-Camden-Wilmington, PA-NJ-DE-MD",37980,109.65
2023-10-25,"Philadelphia-Camden-Wilmington, PA-NJ-DE-MD",37980,109.66
2023-10-26,"Philadelphia-Camden-Wilmington, PA-NJ-DE-MD",37980,109.55
2023-10-27,"Philadelphia-Camden-Wilmington, PA-NJ-DE-MD",37980,109.57
2023-10-28,"Philadelphia-Camden-Wilmington, PA-NJ-DE-MD",37980,109.71
2023-10-29,"Philadelphia-Camden-Wilmington, PA-NJ-DE-MD",37980,109.58
2023-10-30,"Philadelphia-Camden-Wilmington, PA-NJ-DE-MD",37980,109.59
2023-10-31,"Philadelphia-Camden-Wilmington, PA-NJ-DE-MD",37980,109.52
2023-11-01,"Philadelphia-Camden-Wilmington, PA-NJ-DE-MD",37980,109.47
2023-11-02,"Philadelphia-Camden-Wilmington, PA-NJ-DE-MD",37980,109.37
2023-11-03,"Philadelphia-Camden-Wilmington, PA-NJ-DE-MD",37980,109.37
2023-11-04,"Philadelphia-Camden-Wilmington, PA-NJ-DE-MD",37980,109.34
2023-11-05,"Philadelphia-Camden-Wilmington, PA-NJ-DE-MD",37980,109.33
2023-11-06,"Philadelphia-Camden-Wilmington, PA-NJ-DE-MD",37980,109.32
2023-11-07,"Philadelphia-Camden-Wilmington, PA-NJ-DE-MD",37980,109.23
2023-11-08,"Philadelphia-Camden-Wilmington, PA-NJ-DE-MD",37980,109.11
2023-11-09,"Philadelphia-Camden-Wilmington, PA-NJ-DE-MD",37980,109.12
2023-11-10,"Philadelphia-Camden-Wilmington, PA-NJ-DE-MD",37980,109.04
2023-11-11,"Philadelphia-Camden-Wilmington, PA-NJ-DE-MD",37980,108.95
2023-11-12,"Philadelphia-Camden-Wilmington, PA-NJ-DE-MD",37980,108.86
2023-11-13,"Philadelphia-Camden-Wilmington, PA-NJ-DE-MD",37980,108.71
2023-11-14,"Philadelphia-Camden-Wilmington, PA-NJ-DE-MD",37980,108.67
2023-11-15,"Philadelphia-Camden-Wilmington, PA-NJ-DE-MD",37980,108.52
2023-11-16,"Philadelphia-Camden-Wilmington, PA-NJ-DE-MD",37980,108.44
2023-11-17,"Philadelphia-Camden-Wilmington, PA-NJ-DE-MD",37980,108.39
2023-11-18,"Philadelphia-Camden-Wilmington, PA-NJ-DE-MD",37980,108.31
2023-11-19,"Philadelphia-Camden-Wilmington, PA-NJ-DE-MD",37980,108.33
2023-11-20,"Philadelphia-Camden-Wilmington, PA-NJ-DE-MD",37980,108.36
2023-11-21,"Philadelphia-Camden-Wilmington, PA-NJ-DE-MD",37980,108.45
2023-11-22,"Philadelphia-Camden-Wilmington, PA-NJ-DE-MD",37980,108.51
2023-11-23,"Philadelphia-Camden-Wilmington, PA-NJ-DE-MD",37980,108.54
2023-11-24,"Philadelphia-Camden-Wilmington, PA-NJ-DE-MD",37980,108.49
2023-11-25,"Philadelphia-Camden-Wilmington, PA-NJ-DE-MD",37980,108.5
2023-11-26,"Philadelphia-Camden-Wilmington, PA-NJ-DE-MD",37980,108.43
2023-11-27,"Philadelphia-Camden-Wilmington, PA-NJ-DE-MD",37980,108.36
2023-11-28,"Philadelphia-Camden-Wilmington, PA-NJ-DE-MD",37980,108.26
2023-11-29,"Philadelphia-Camden-Wilmington, PA-NJ-DE-MD",37980,108.31
2023-11-30,"Philadelphia-Camden-Wilmington, PA-NJ-DE-MD",37980,108.19
2023-12-01,"Philadelphia-Camden-Wilmington, PA-NJ-DE-MD",37980,108.12
2023-12-02,"Philadelphia-Camden-Wilmington, PA-NJ-DE-MD",37980,108.05
2023-12-03,"Philadelphia-Camden-Wilmington, PA-NJ-DE-MD",37980,108.02
2023-12-04,"Philadelphia-Camden-Wilmington, PA-NJ-DE-MD",37980,107.95
2023-12-05,"Philadelphia-Camden-Wilmington, PA-NJ-DE-MD",37980,107.93
2023-12-06,"Philadelphia-Camden-Wilmington, PA-NJ-DE-MD",37980,107.91
2023-12-07,"Philadelphia-Camden-Wilmington, PA-NJ-DE-MD",37980,107.84
2023-12-08,"Philadelphia-Camden-Wilmington, PA-NJ-DE-MD",37980,107.87
2023-12-09,"Philadelphia-Camden-Wilmington, PA-NJ-DE-MD",37980,107.74
2023-12-10,"Philadelphia-Camden-Wilmington, PA-NJ-DE-MD",37980,107.74
2023-12-11,"Philadelphia-Camden-Wilmington, PA-NJ-DE-MD",37980,107.72
2023-12-12,"Philadelphia-Camden-Wilmington, PA-NJ-DE-MD",37980,107.67
2023-12-13,"Philadelphia-Camden-Wilmington, PA-NJ-DE-MD",37980,107.53
2023-12-14,"Philadelphia-Camden-Wilmington, PA-NJ-DE-MD",37980,107.57
2023-12-15,"Philadelphia-Camden-Wilmington, PA-NJ-DE-MD",37980,107.42
2023-12-16,"Philadelphia-Camden-Wilmington, PA-NJ-DE-MD",37980,107.43
2023-12-17,"Philadelphia-Camden-Wilmington, PA-NJ-DE-MD",37980,107.13
2023-12-18,"Philadelphia-Camden-Wilmington, PA-NJ-DE-MD",37980,106.88
2023-12-19,"Philadelphia-Camden-Wilmington, PA-NJ-DE-MD",37980,106.66
2023-12-20,"Philadelphia-Camden-Wilmington, PA-NJ-DE-MD",37980,106.49
2023-12-21,"Philadelphia-Camden-Wilmington, PA-NJ-DE-MD",37980,106.28
2023-12-22,"Philadelphia-Camden-Wilmington, PA-NJ-DE-MD",37980,106.12
2023-12-23,"Philadelphia-Camden-Wilmington, PA-NJ-DE-MD",37980,105.94
2023-12-24,"Philadelphia-Camden-Wilmington, PA-NJ-DE-MD",37980,105.97
2023-12-25,"Philadelphia-Camden-Wilmington, PA-NJ-DE-MD",37980,106.06
2023-12-26,"Philadelphia-Camden-Wilmington, PA-NJ-DE-MD",37980,106.14
2023-12-27,"Philadelphia-Camden-Wilmington, PA-NJ-DE-MD",37980,106.2
2023-12-28,"Philadelphia-Camden-Wilmington, PA-NJ-DE-MD",37980,106.19
2023-12-29,"Philadelphia-Camden-Wilmington, PA-NJ-DE-MD",37980,106.21
2023-12-30,"Philadelphia-Camden-Wilmington, PA-NJ-DE-MD",37980,106.19
2023-12-31,"Philadelphia-Camden-Wilmington, PA-NJ-DE-MD",37980,106.05
